Age,EnvironmentSatisfaction,JobInvolvement,JobLevel,JobSatisfaction,MonthlyIncome,YearsAtCompany,TotalWorkingYears,YearsInCurrentRole,Clase_Non-Travel,Clase_Technical Degree,Clase_Healthcare Representative,Clase_Laboratory Technician,Clase_Research Director,Clase_Sales Representative,Clase_Divorced,Clase_Single,Attrition,PCA_Age,PCA_EnvironmentSatisfaction,PCA_JobInvolvement,PCA_JobLevel,PCA_JobSatisfaction,PCA_MonthlyIncome,PCA_YearsAtCompany,PCA_TotalWorkingYears,PCA_YearsInCurrentRole,PCA_Clase_Non-Travel
50,4,3,4,4,17399,5,32,4,0,0,0,0,1,0,1,0,0,4.045565992774809,-0.35288012266974295,-1.4058713227862407,-0.7719166653998409,0.12960651292386086,0.6819584834501384,2.101853602287387,-0.29955702064453615,-2.016851786058867,0.0800645255123009
36,2,3,2,2,4941,3,7,2,0,0,0,0,0,0,1,0,0,-0.8343545215219029,-1.0577196099423012,-0.48546400773682014,0.1053075328097617,-0.4408628630846429,1.088568907774297,1.2402832137254218,-0.04711133451132413,0.30134434605836136,-0.6367618284064719
21,2,3,1,2,2679,1,1,0,0,0,0,0,0,1,0,1,1,-3.8527266204908583,3.344202221930451,0.9073472329546268,0.22111477635625015,-0.4828905907472855,-0.27466138697573894,1.6287113480916375,-0.32110430599934925,0.9794086969585993,-0.9170970795862713
52,2,3,3,2,10445,8,18,6,0,0,1,0,0,0,0,1,0,1.697976874262915,1.0515447717427149,-1.6030135008175184,1.9342848408417335,0.36150815108836315,0.15123099541202417,-1.7170734844014346,0.07437881782576455,1.559626712549228,-0.015128651042973035
33,2,3,3,3,13610,7,15,6,0,0,0,0,0,0,0,0,1,0.7093169470206273,1.127202173327841,0.5984069513193502,-0.15830533062521798,-0.4832486917039101,0.6751753336448262,-0.22188504818903518,0.4586456302241674,-0.271788055390773,-0.6036705950740486
47,3,2,3,2,10333,22,28,11,0,0,0,0,0,0,1,0,0,3.28361457787369,-1.2955200300799536,1.3988037919695373,-0.2804469857753102,-0.5044527418659089,0.48924470825936955,-0.5072294833205268,-1.456279754130428,0.29064845346635465,-0.8414272264380133
22,4,2,2,4,4775,2,4,2,0,0,0,0,0,0,0,0,0,-1.559344026323734,-0.47710985003268847,-0.001430194827357417,0.1901542606474375,0.8131427044375914,-1.0220064400563746,0.5416213575491164,-0.8223407494461128,-1.2364364341557514,-0.4148026187118435
33,3,3,2,4,5368,6,7,5,1,0,0,0,0,0,1,0,0,-0.48853301474923294,-2.164878382781974,0.5681275942959748,-0.3956579646392507,2.1746913529373813,-0.3957722911798679,1.6105056547145153,0.2661141559236624,0.7260619458383628,0.5466857055655187
40,3,2,3,4,10855,12,15,11,0,0,0,0,0,0,0,0,0,1.8291562628939197,-0.4549260147960751,0.9828833238081881,0.2548702427059036,0.43026279777178583,-0.8836826953090698,-0.5143379908265305,-0.27699014582275494,-0.756370840866492,-0.7321539833437672
27,4,1,2,4,5071,6,8,2,0,0,0,0,0,0,0,1,0,-1.1076011397564032,0.7270637856282104,0.3005544016881789,-0.13655960546973417,1.9209843350433102,-1.3206971422092928,-0.567674913819593,-1.2899874956768644,-1.4564552880069974,-0.8613322027745632
40,1,3,1,4,2406,1,8,0,0,0,0,1,0,0,0,0,0,-1.9819224138022131,-0.9851781125502777,-0.8004822734639667,-0.34155134446742946,-0.034347564333742336,0.6292574691067755,-0.5306419837886659,2.4590994298246955,-0.7386500084815749,-0.1695715013294498
55,4,3,3,2,10976,3,23,2,0,0,0,0,0,0,0,0,0,1.4871792860027282,0.15115255915388337,-2.1629704929357163,-0.030156112074302258,-0.5054158123677844,0.19833832600792045,-0.07325428539031965,-0.745248036369179,-0.809602857635847,0.9081393192794536
33,1,2,1,2,2313,2,5,2,0,0,0,0,0,0,0,1,1,-2.382886092902475,2.2295086456913027,0.4239712989513355,-0.3866892768450505,0.39974001006815046,1.0677337262136515,-0.9635014640543071,0.37931843535811827,0.17169915784878956,-1.1247933674574568
37,1,2,3,3,10609,14,17,1,0,0,0,0,0,0,0,0,1,0.6964180174434305,1.3697466270063976,0.8811308457894844,-0.14998694378589955,0.22552922889018678,1.7133968186381545,-0.6676467195112751,0.4756507682542075,-0.4367661442791,-1.0007575917469573
46,4,2,5,2,18789,11,26,4,0,0,0,0,0,0,0,0,0,3.4357703678277014,0.6395427462074992,-0.8244870916234421,-0.443505325414805,0.17107518674610656,0.2501313952487174,-0.22708499279890684,-1.4817553832872283,-0.7665375074761461,0.5075016493070075
38,3,3,2,2,9924,9,10,8,0,0,0,0,0,0,0,0,0,0.5835059548218386,-0.24893450548334067,0.032632759654825524,-0.038242249602240055,-0.8780893116640336,-0.6531297699248483,-0.02187561937534849,-0.27873880773604465,0.39670182262419207,-0.0027159340243680793
30,1,2,2,4,4627,9,10,2,0,1,0,1,0,0,0,0,0,-1.1061768736755584,-0.4075730054234141,2.5927496978512248,1.0265423672810374,-0.0057623211486644565,1.1345206873533755,-0.7384752840294047,2.1441533320083295,-1.9233676111296691,2.2235212663041337
36,4,1,2,4,5406,15,15,12,1,0,0,0,0,0,1,0,0,1.085567035144609,-2.3976815034036605,2.4528097378281313,-0.844372593467021,2.9878648169933806,-0.5733230643739403,0.15536078260742867,-1.6781357643173997,0.34822066090980053,0.08525700969197811
40,2,3,5,2,19833,21,21,8,0,0,0,0,0,0,0,1,0,3.8004041997156914,1.5914364178938334,0.47062812659411934,-0.3576787215623629,-0.23394958375405547,-0.9358836815206192,-0.6314284190608083,0.38145116076952046,0.8075162436965396,-0.4556367345680994
53,3,3,4,3,14852,17,22,13,0,0,0,0,0,0,1,0,0,3.835217546481296,-1.3755542846686941,0.7048601319908757,0.0877137464465607,-0.6342800417127538,0.013454884305029658,0.0686722327198985,-0.4578082511179402,-0.09437476880123982,-0.6948043721433013
32,4,3,2,2,5470,9,10,5,0,0,0,0,0,0,1,0,0,-0.21048803011124284,-1.5257799041066422,0.11200375107946008,-0.17932125371200305,-0.8206203377290222,-0.18503246998864062,0.8956268070213574,-1.3637691665862435,0.15387642209011276,-0.32445165385228
55,4,3,2,3,4035,3,4,2,0,0,1,0,0,0,0,0,0,-0.35097380036264675,-0.7663343137444898,-2.415774035956562,2.3094587122559953,0.18755548293284433,0.06478970327230608,-0.9277970251298367,-0.8503146324750871,0.2049424567813657,0.6684544312619893
30,3,1,2,4,6091,5,11,4,0,0,0,0,0,0,0,1,0,-0.6422564461566052,0.8736475098909553,0.46674573722507995,-0.021948136256336306,1.9450921087342152,-0.9035596038211486,-0.6949099999684526,-0.6788747131054859,-1.206529978299335,-1.11831055653128
23,3,4,1,1,1601,0,1,0,0,0,0,1,0,0,0,0,1,-3.578003660717756,0.1191124598110716,-0.44226653903994995,-1.5993211045752407,-2.1852200176308987,0.6285950871117805,-0.5223034122959398,0.6029127317233719,0.5831452793571213,0.7998396450449463
51,2,2,2,3,6132,1,10,0,0,0,0,0,0,0,0,0,0,-0.3827256963946343,0.12854534446440125,-1.356458913716623,0.3533776701756659,0.6643922753844025,1.0138168901427786,0.002057044722201829,0.2416597499522471,-0.9978743749135315,-0.17896365096801567
42,4,2,2,4,6062,4,8,3,0,0,0,0,0,0,0,0,0,-0.39420920648209523,-0.518755060608855,-0.6171804172964743,0.29805864090990897,0.7236679038414868,-0.6090526988673615,-0.029489938361402807,-0.7426790806720264,-1.5792529936800948,-0.14854645818525006
20,4,3,1,3,1009,1,1,0,0,0,0,0,0,0,0,1,1,-3.3746357170514267,1.4973573418547685,-0.06589028286880391,-0.3794394211479303,-0.01679694576939594,-1.036546371630858,-0.2710998470253135,-0.5610581359491787,-0.6274869608962691,-0.4534019897879483
29,2,1,1,4,2168,5,6,4,0,0,0,0,0,0,0,0,0,-1.4881998163861678,-0.38415521661360563,0.9259158208097259,0.3443783692613134,1.355635721614694,0.07862434013373819,-0.21684952821677903,-0.20569173939678628,-0.9268759489871838,-1.236921977950663
43,1,2,4,2,14336,25,25,10,0,0,0,0,1,0,1,0,0,4.783799261874087,-0.11476667871224971,1.7966839379126742,-1.170755738292438,-0.47698208147936916,1.4631734993435812,1.1060899793669814,0.07880127344836217,0.535634270906467,-1.1665999497044883
40,3,2,2,4,4422,1,16,1,0,0,0,0,0,0,0,0,0,-0.4831995055617154,-0.2363765975400587,-0.8857643889598129,0.43483055490918404,0.9075951963566046,0.06012761170760838,0.04146884105339917,-0.1272622747262102,-1.485573632219995,-0.3234663945424363
29,2,3,1,4,3131,10,10,8,0,0,0,1,0,0,0,0,0,-1.0411126875626828,-1.5244085472308322,1.0681136129615318,-0.5878261664553684,-0.6005566628310218,-0.8730304202801249,-1.0061491804990284,1.659336806527591,-0.1304388535154552,-0.4468613407801398
44,3,3,1,2,2342,5,6,3,0,0,0,0,0,0,1,0,1,-1.5335045886442396,-0.5186374098731699,0.00894876772333311,-0.2709618003760107,-0.9928300882084364,1.5741163525670838,0.19484802849630825,-0.8190456092459202,-0.25148038035289366,-0.5710634450378339
47,1,3,4,3,17169,20,26,17,0,0,0,0,1,0,0,0,0,5.460291861376099,0.5888142881756724,1.4909463023575398,-0.7140411292314468,-0.9628656358278255,-0.27591711313727146,0.4438519910935773,1.474248701824117,0.45586510891095416,-0.670092996668102
32,1,3,2,4,5309,10,10,8,0,0,0,1,0,0,0,0,0,-0.34762298849900225,-1.1780016055043547,1.0278379498100685,-0.5084486312464932,-0.4334790682224474,-0.31372231535206635,-0.906749144177364,2.2868402018801777,0.02082722288098898,-0.6218566895936298
38,3,3,1,1,2619,0,8,0,0,0,0,0,0,0,0,1,0,-1.8910330602929684,1.1058385160067519,-1.6219043630061338,-0.2796766192582365,-0.3706068151234002,-0.4736108995920612,-0.1436326043471422,-0.32846832264078835,0.44813364072709316,0.26245812826368287
58,4,1,2,3,5660,5,12,3,1,0,1,0,0,0,1,0,0,0.5347172916673189,-1.9852886051288794,-0.9733622441815895,1.08431338010148,3.680869686115985,1.6533489982194276,-0.5347680380004408,-2.2256353206277293,0.9387192062952733,1.2361176333216064
45,2,3,3,4,9380,3,10,1,0,1,0,0,0,0,0,0,0,0.20654388904237905,0.39674163290976583,0.663969415783359,2.3119824062984544,-0.11262456742904062,0.7625695306983656,0.6491239519414156,1.5426389079318255,-2.354363282687352,2.618543810559687
56,3,3,4,4,11103,10,30,7,0,0,1,0,0,0,0,0,0,3.308991171233131,-0.42508195811153643,-1.5374765794199101,2.4821585716516683,0.481572490502808,0.15962982201778997,-1.474880183638586,-0.06185323993358256,0.13602385052085475,0.14336108797849104
37,3,1,2,4,9525,6,6,3,0,0,0,0,0,0,1,0,0,-0.18491112805502308,-1.2450076457194563,0.5517735223381933,0.0845707186265708,1.5447692797835404,0.9261880707785566,0.6606111914122283,-1.239798767274208,-1.4918169028326551,-1.2932490232368623
39,1,4,3,3,7880,8,9,7,0,0,0,0,0,0,0,1,0,0.5082734307895272,0.9331985359640582,-0.30152476629045466,0.42515373075649,-0.4368407554001973,-1.1559703945488908,-0.033990879290739455,2.0513520822101294,0.7581382562268858,-0.733047357586886
54,3,2,3,3,10686,9,13,4,0,0,0,0,0,0,0,0,0,1.4182789459237262,-0.010601166352577523,-0.7237012000579072,0.13594988983778214,0.3873283063783022,0.28537880559394396,-0.3890835645789366,-0.44666237886469107,-0.9904405150849129,-0.02854875864748252
32,4,3,1,3,4025,8,10,7,1,0,0,1,0,0,0,1,0,-1.3029097658301645,-0.8690461455575913,0.47971361990113903,-2.0456189923591634,1.6627938946921377,-2.1530124715501047,-1.0669749660583734,0.6235357102297852,1.1226001404978003,1.7365641239998126
48,1,3,3,3,12504,0,15,0,0,0,0,0,0,0,0,0,0,0.7023848941010582,0.5472849079493973,-1.698133926216684,0.4816203897310966,0.231861186566683,1.1517750600178405,0.5777293582655698,1.4347465671781916,-0.5174899896811558,-0.15146642574097177
33,3,4,2,2,5488,6,6,5,0,0,1,0,0,0,0,0,0,-0.4184547876192134,-0.6206633971411009,-1.2854895533475172,2.139853426579292,-0.9455213410557383,-0.499140242546408,-0.40609497827367375,-0.12972200681469764,1.9336986991704577,0.38966148413090584
31,2,1,2,3,6172,7,12,7,0,0,0,0,0,0,0,0,1,-0.48594069500040576,0.9687710552859502,1.7308726874844211,-0.34775365682109427,0.6731855423504619,1.2174974369135798,-1.0460196824117654,-0.7640066047912477,-0.6685217355785231,-1.2213900368120432
46,2,3,3,1,10453,24,24,13,0,0,0,0,0,0,1,0,0,3.3153936231855217,-1.2300040267846757,1.5444117871017193,-0.275915323558162,-1.6070939307469991,0.448151440574944,-0.2742504668620885,-0.5879830720521144,1.5545898995913412,-0.7891804979720688
38,4,3,2,4,5745,2,10,2,0,0,1,0,0,0,1,0,0,-0.41748461139723936,-1.891216570825228,-1.4677604406847666,2.3406718293694704,0.6778018935871922,0.38824107360087895,0.2272734129269359,-1.0926017068355323,-0.011341479972943118,-0.32698752775877216
38,4,3,2,2,4440,15,16,13,0,0,0,0,0,0,0,0,0,1.1399599911007312,-0.8336886972655345,0.9077502605859443,-0.0898510970544009,-1.3591205806018085,-1.6158704518652351,-0.7273457041593175,-0.9824377201937255,0.5883774174941757,-0.006840004365486026
43,4,3,2,4,7847,10,10,9,0,0,0,0,0,0,0,0,0,0.7160072850136834,-0.9107010477611847,0.0685733762486674,0.3983450982288339,-0.31013758666217855,-1.5868577809566062,-0.21052535157970012,-0.22151548306802138,-0.8437398771031172,-0.17413033137896824
37,2,3,1,4,2326,4,4,2,0,0,0,0,0,0,0,0,0,-1.5370130969953704,-0.6002840229293028,-0.46222400530729046,0.716375050717415,0.0820620724761482,-0.4265172076038684,0.3863818865486259,1.0810918015903028,-0.5946119567106366,-0.5956546617487422
30,3,2,2,4,4152,11,11,10,0,0,1,0,0,0,0,0,0,0.34664683707439975,-0.9911614757622482,0.712461347661297,2.2836230194136906,0.8204591132117088,-0.7155691895466805,-1.3877034587977248,-0.7906083930107999,0.7866541911337811,-0.7874559817399139
39,3,2,4,2,17123,19,21,9,0,0,0,0,0,0,1,0,0,3.3102325937488914,-0.8398545176236821,1.2120343375574452,-0.44691910618037073,-0.17103479241599426,0.5992403291617049,0.22968349233352967,-1.4503232660883685,0.20177771089031377,-0.7876659188765599
43,1,2,5,3,19392,16,21,12,0,0,0,0,0,0,0,0,0,4.099631056173405,0.5107516498227679,1.2305064748817858,0.06417908279633187,0.3200202915212286,0.3481349737719612,-0.4642799596125751,0.5827808832929859,0.1778917806316618,-0.935034078800236
27,4,2,2,1,6811,7,9,6,0,0,1,0,0,0,0,1,0,-0.408551078788929,0.8331417251335685,-0.4943037566718264,1.2242363621609837,0.4835520508591273,-0.7550414112034631,-1.5662738514485637,-2.1918022833243187,1.8147112044896327,0.07168260776550578
42,3,2,2,3,6244,5,10,4,0,0,0,0,0,0,0,1,0,-0.3131815212429064,0.8939376289099019,-0.49493580788331326,-0.026255603611160083,0.8896732904038229,-0.7905425180618183,-0.6629093635413121,-0.3294402866548705,-0.6531105076400757,-0.4887402651484157
31,1,4,1,3,3978,2,4,2,0,0,0,1,0,0,1,0,0,-2.1066629567266975,-2.0777299493093047,-0.2702538197059884,-0.5890500709514903,-1.0796724890533291,0.9085341588914,0.7014738339541438,2.2117840000622406,0.3819112576090942,-0.5018689963352722
39,4,3,1,1,2404,2,8,2,0,0,0,1,0,0,0,0,1,-2.360053175050693,0.04609801009071519,-0.5730365536395298,-1.7783285897595162,-1.6962244789981122,0.9237437867538212,-1.4567616207489538,-0.57471788484436,-0.2115979238089037,1.0303990900167284
29,4,2,4,4,16124,7,9,7,0,0,0,0,1,0,1,0,0,2.364157392610731,-0.524603959712778,0.5791712837145939,-1.0629145207590853,0.6737422284594974,0.02981659858285184,2.425859833365596,-0.9992626478227347,-1.538666767063116,-0.6898154642387487
49,3,3,5,1,18665,3,22,2,0,0,0,0,1,0,0,1,0,3.445782013862807,2.77326266105952,-2.2533333604138166,-1.5337041063347776,-0.21154672507039582,0.3637142650336503,1.1786236467217879,-0.008029057509341379,-0.307593638276385,0.883008382070774
38,1,2,1,1,2858,1,20,0,0,0,0,0,0,1,0,1,0,-1.8069403463240532,2.926789717134672,-0.1597561375276,0.4174034003473401,0.15648090224384803,0.5216629477004908,1.2268570450216272,-0.4116324329783884,1.2559427572469477,-0.6473035357861886
42,1,3,4,4,15992,1,16,0,0,0,0,0,1,0,0,1,0,2.085005516708884,2.3671145052013323,-1.6108049634014925,-0.5689341591713871,1.0275409027098326,0.2763279279675391,1.6263615173899044,2.205100130031658,-1.1639231614479943,-0.4353953867034495
34,4,3,3,3,8628,8,9,7,0,0,0,0,0,0,1,0,0,0.586784624421375,-1.541324959451456,0.21546878663652802,0.010373197687710882,-0.38641215719439714,-0.4215861688451784,1.004106472822088,-1.0334347219926487,-0.3579904380473225,-0.5144945588441417
36,3,3,2,4,6586,16,17,8,0,0,1,0,0,0,0,0,0,1.2039787787837148,-1.0364470209688652,0.10954428525292038,2.4226959878837686,0.10773128870958153,-0.9121942307832721,-1.3163496606370926,-0.1830221507715337,0.9478879131994525,-0.4406669606263394
27,3,3,2,4,4342,4,5,2,0,0,0,0,0,0,0,0,0,-1.2534411518640518,-0.5230463396460464,-0.2929765751182633,0.4890231866934475,0.1302750706406207,-0.9819911609969889,0.6775658166684974,0.4095693998352232,-0.7089988748202338,-0.41911359993797753
40,3,1,3,1,10932,1,20,0,1,0,0,0,0,0,1,0,0,0.5879796551983862,-0.6488646134486278,-0.43251263209295804,-1.4631311450135263,2.900239717688279,2.205432939439836,1.114800392320216,-1.8572728276266468,0.8628132040168881,1.259271118981137
34,4,2,3,3,7083,10,10,9,0,1,0,0,0,0,0,0,0,0.6255486384667045,-0.04580359677045482,2.574804707734679,1.617209217775549,-0.4116523862108078,-0.46003878359271455,-0.17828960445230982,-0.784622846236578,-1.8433502245119175,2.6155601187945803
43,3,3,3,1,9985,1,10,0,0,0,1,0,0,0,0,0,0,0.21083682356353237,0.2704735933815393,-2.5074075433685974,1.7502714094939003,-0.18754100635263604,1.1096602393457395,-0.44632517567113034,-0.9499539050748786,1.4051610303025628,0.8719262208129168
31,1,3,3,4,10793,13,13,7,0,0,0,0,0,0,1,0,0,1.2437063746350425,-1.2632166086628205,1.2003502517225275,0.5023878069300711,0.07127087244828127,0.37586833818321846,1.0260371626223228,1.0696623636182518,0.10511273409614384,-1.648365460509187
41,4,3,1,4,2782,5,12,3,0,0,0,0,0,0,0,0,0,-0.8320215750357551,-0.8874927616767079,-0.8361442448824169,0.5114956875962624,-0.11067694350297863,-1.1420479564303607,0.02868946776877537,-0.15621364939615648,-1.1780860289061443,-0.0019478178532732337
31,4,1,2,1,5003,10,10,8,0,0,0,0,0,0,0,0,0,-0.05506711482438539,-0.10343973660070871,0.9601867575350963,-0.6727771536212993,-0.024155130499500438,-0.21726538817564267,-0.7061953481426984,-2.476525457795651,0.2295494965908214,-0.11150873812617534
45,2,3,2,3,5399,4,12,2,0,0,1,0,0,0,0,1,0,-0.20932219969922217,0.7494716785570064,-1.8204558967521218,2.247615050059119,0.8372244690058342,-0.053610060375275666,-1.3123393944484867,0.4381849462169017,1.0164726753719082,-0.25744280085121196
33,2,2,2,4,4682,7,9,7,0,0,0,0,0,0,0,1,0,-0.4123824615579757,0.6686460280931771,0.6599444890174814,0.2752583276397875,1.142311233281466,-1.175248696028557,-0.6309233699936406,0.5265888685285367,-0.4548085578290999,-1.2704786162596113
36,3,4,2,4,2571,5,17,2,0,0,0,1,0,0,0,0,0,-0.8683177345723402,-1.3610079563523947,-0.950195578166577,-0.4703844008936661,-0.9467337681960003,-0.8163400652257654,-0.5066813664420815,1.7545179118011482,-0.7399922826107667,0.48343115435932443
33,2,4,1,2,2028,14,14,11,0,0,0,1,0,0,0,0,0,-0.3661914633711258,-1.4873953936672102,0.9552863970270377,-0.8896357484748104,-2.245709123811642,-0.998119284957161,-1.2356135334716145,1.5746755424953602,1.3301193207485065,0.13925654770056836
31,1,3,1,3,2911,5,5,2,0,0,0,0,0,0,1,0,0,-1.525530051287732,-1.3355944703678364,0.20774400143968758,0.4616758858517053,-0.1623750521055291,0.9448942050690217,1.2616102708131538,0.8580026362854033,0.2998230143166395,-1.3022974972951047
19,3,1,1,1,2325,0,1,0,0,1,0,0,0,1,0,1,1,-4.143351325438271,4.089258388734522,3.3223006462856186,1.235841910799963,-0.01357248967587404,1.0300322995141051,1.1459209859440904,-2.0579406324741423,-0.7461537533430266,2.0129338802998507
32,2,4,1,2,2794,5,5,1,0,0,0,1,0,0,0,0,0,-2.1125273332142784,-0.9997347547184229,-0.7702344198709208,-0.8572861753727825,-1.6317950053061159,-0.11076082898970317,-0.2741682182985034,1.7291981889487924,0.6229849464479922,0.5580670825248537
36,1,3,2,4,7779,11,18,9,1,0,0,0,0,0,0,1,0,0.8223696852585032,0.25837720807351533,1.050497385692075,-0.33939961768783433,2.5094018023978117,-1.4313898825015792,-0.1827636032232395,2.026423671811928,1.5572895711898782,0.2108420892654691
37,3,3,2,2,4071,10,19,0,0,0,0,0,0,0,1,0,0,-0.009631096136264599,-1.2085887937004856,-0.5373224931181764,-0.010364793967538533,-0.6301880957349125,0.7523281334001949,0.8281269133566814,-0.7142402260173965,0.051945061935944094,-0.35084726344599304
29,2,2,1,1,2319,1,1,0,0,0,0,1,0,0,0,0,1,-3.251138381919239,0.5421816810728192,0.2953045051860304,-1.775947714794181,-0.7724273333590825,2.0087479031183784,-1.2356132263706352,0.02682748129720163,0.12454754018447316,0.16227819877347222
29,3,3,1,4,2514,7,11,5,0,0,0,0,0,0,1,0,0,-0.9652595128825447,-1.93224750441872,0.5153804240009242,0.4637143184617326,-0.09559429710222342,-0.38546088532617884,0.9579945552423706,-0.10187680795752276,-0.4950658844159752,-1.1221325728639844
41,2,1,5,3,19973,21,21,16,1,0,0,0,1,0,0,0,0,5.573514151007169,0.49844355115993333,2.5904717610395522,-2.0702345775541087,2.608794392089514,-0.086948135706997,0.6764063882539254,-0.042652862498867364,1.0093863401801058,0.6716326745039628
30,3,3,2,4,6347,11,12,9,0,0,0,0,0,0,0,0,0,0.344835962868309,-0.7893704038254722,0.8331823708432864,0.4376415430051527,-0.2837157150244175,-1.526660176579373,-0.012542422669812541,0.30688453191848925,-0.2753412990144985,-0.663957710950322
39,3,3,3,3,13464,4,9,3,0,0,0,0,1,0,0,1,0,1.3554377735659529,1.833221184809756,-1.1779651736624694,-1.0090675790584562,0.24895886005320383,-0.82923999087098,1.340912653386468,0.613865686114594,-0.8105039815514856,0.06617304932399412
22,3,3,1,1,2398,1,1,0,0,0,0,1,0,0,0,0,1,-3.4841962742898174,0.2704336126015722,0.041944110185986955,-1.7794408394933692,-1.5134800529483494,1.0091736907734985,-0.8135704856871132,-0.01681166896375714,0.31280138829176873,0.5530210750226732
31,3,1,2,3,4345,5,6,4,1,0,0,0,0,0,0,0,0,-0.8965642083315759,-0.5864393467613221,0.8491744179195968,-0.8730709086356752,3.1625622250740304,-0.12100673009416897,0.2869051342298593,-0.8050151065261462,0.5717619721112737,0.8965486847854076
45,4,3,4,4,17650,9,26,3,0,0,0,0,0,0,0,0,0,2.7584515436592585,0.03078043489497106,-1.1771187882356027,0.2315556221579405,0.20962328717030673,-0.6482512402526612,0.17875514319777477,-0.20350645291646455,-1.479512687263084,0.28012117093458205
42,1,3,2,3,4556,5,19,4,0,0,0,0,0,0,1,0,0,0.2760558090225618,-1.1434653495673999,-0.2073954005507705,0.49181178668592185,-0.15898991913092556,1.3090353884874941,0.7960247303674959,0.8656070573991298,0.05190252767860646,-1.098110705438732
31,3,2,3,3,8943,10,10,9,0,0,0,0,0,0,0,0,0,0.8124923756504848,-0.24170768330743428,0.9481229409561179,-0.0060678119019319104,0.1757445629911569,-0.7209151745018336,-0.16459037127739176,-0.6120268879467172,-0.19186894885184694,-0.5811557556566269
51,4,1,2,2,5482,4,13,1,0,0,0,0,0,0,1,0,0,-0.03499043734153268,-1.0279748910037796,-0.7732038527935053,-0.3333496110582083,0.8030947581859434,1.6123447123765124,0.18079382634168215,-2.4169345623149074,-1.2222298451487914,-0.26483322185083275
34,4,2,2,1,5343,13,14,9,0,0,1,0,0,0,0,1,0,0.5319859856100123,0.5858913391119505,-0.02726339952220722,1.2675897023258116,0.1912202587050449,-0.9567369409902193,-2.171348518390369,-2.2276686160196832,1.982636006379902,-0.004315000291376852
33,4,3,4,3,17444,10,10,8,1,0,0,0,0,0,0,1,0,1.7264253649579175,0.591093536365751,0.27365707407581547,-1.112584319589962,2.314782145256427,-2.213168680658744,0.3792124747711086,-0.12276444847133246,1.1101224028001047,1.377808385974407
40,2,3,2,2,5677,11,15,8,0,0,0,0,0,0,0,0,0,0.6708653353809965,-0.2508249860909585,0.2528383194068579,0.14609110458492006,-0.9310627458972387,-0.2649945958628384,-0.296900237453579,0.31996003573632603,0.6984051595180235,-0.29214350292130153
33,4,4,3,3,8380,9,10,8,0,0,0,0,0,0,1,0,0,0.7227443651532057,-1.7348769489306837,0.0598578036271548,0.15780517081492698,-1.1366345658475514,-0.9677931805855862,1.224133642017104,-0.44845765807846566,0.049525185864957695,-0.35246152717424817
34,2,3,2,3,5714,6,6,5,0,0,0,0,0,0,0,0,0,-0.5056862378358303,-0.29063835693073176,-0.03705571127740616,0.3708016413193541,-0.31796396716868736,-0.39764003018597255,0.33227708405322653,0.6935010492940995,0.0889942644375825,-0.4713233081211771
34,2,3,1,4,2691,10,10,9,0,0,0,0,0,0,0,0,0,-0.38719132114659094,-0.8993398378398415,0.8693611228066701,0.6544534871463393,-0.32397935441391046,-1.1184877906151844,-0.17060411166505488,0.9546811147565556,-0.04038226129092622,-0.9338338505511623
30,2,4,3,1,11416,8,9,7,0,0,0,0,1,0,0,0,0,1.5829448289854229,0.8404794594495684,-0.3109010714699876,-1.093569345242894,-1.895551954427032,-0.22924097041029462,1.9297040407086001,0.9234782777615316,1.1624221823459768,0.38260896770280645
45,4,3,2,1,3633,9,9,8,1,0,0,1,0,0,0,0,0,-0.30796891101917423,-1.5765707011912082,0.027127192620879825,-2.268142818587313,0.4064181786722932,-0.6238654550671571,-0.9009284876859903,-0.11908711382270383,1.7861382841175741,2.6234049170747724
37,1,3,3,2,8834,9,9,5,1,0,0,0,0,0,1,0,0,0.6083824285249014,-1.2916530684281051,0.637998667685743,-0.716296313965429,1.6184613034639086,1.0532801900594857,1.5443640225489677,0.8312273583834288,2.155753435810121,0.5415537066055603
31,4,3,2,4,7547,7,13,7,0,0,0,0,0,0,1,0,0,0.18282058038405857,-1.8409201126504249,0.3866336476961215,0.2674075623353443,-0.08950704527716524,-0.739267714501293,0.9598505388264895,-0.726054532330929,-0.7948728260565717,-0.799618098214764
32,4,3,1,4,3068,7,8,7,0,0,0,1,0,0,0,1,0,-1.5132942077168208,-0.6460104176240071,0.19808929478605197,-0.9545060306357245,-0.08966010805891908,-2.2322697474891147,-1.4675425828974358,0.6328865873035889,-0.7405538860570434,-0.04186996540201099
30,1,3,1,3,2132,5,7,2,0,0,0,0,0,0,0,0,1,-2.0236402124013777,0.7520424430162417,0.5684908572935947,0.16374563868916148,-0.5258714092819141,1.0004441851180852,-0.1784788914700529,1.1245660388016754,0.024372195395631995,-0.9576910688785869
33,3,4,2,1,5376,5,10,3,0,0,0,0,0,0,0,0,0,-0.6159534141459918,-0.09424246681042181,-1.0691592248383652,-0.0602504454635361,-1.7017032879316403,-0.517791409461162,0.5912240800596246,0.04021604833367472,0.9801183717045331,0.5574175830566535
38,3,3,3,3,7861,1,10,0,0,0,0,0,0,0,0,1,0,-0.4503225258554422,1.163794608265846,-1.546765335077866,0.08217857906269893,0.5544373369392618,-0.8235758026578167,0.1564786270128943,0.3118992981180043,-0.6249864283808887,-0.08722461140342115
41,3,3,2,1,3072,1,17,0,0,0,0,0,0,0,1,0,0,-0.6025584309328735,-0.9125389537197767,-1.400290474109504,-0.1699674486087371,-0.7832949010233887,1.3640755115269703,0.9910024403540989,-0.9557378149390894,0.2271246785312509,0.05810619489032507
51,1,1,3,4,10650,4,18,2,0,0,0,0,0,0,0,1,1,0.5599615206496491,2.5580030943543823,0.06830672499579968,-0.11171948223149787,2.003121675719161,1.7208788105440236,-1.497578351557031,0.47592658776981456,-1.6524513697109147,-1.371240864266008
38,1,2,2,1,6288,4,13,3,0,0,1,0,0,0,1,0,0,-0.023161973966141763,-0.7716247719850623,-0.6594967397180512,1.770230980378458,0.38033374546385995,2.711067085620725,-0.2540515098602636,-0.8751798682394074,2.0230468047745203,-0.7335404981562718
27,2,2,2,3,3540,9,9,8,0,0,0,0,0,1,0,0,0,-1.0275291810623837,0.953126680767385,2.0122832396156434,0.8285630937984776,-0.09861642285943986,-0.8012263034586342,1.687919191532344,-0.6644573811940013,0.800070326326609,-1.1249099808753646
53,4,3,4,4,14275,12,33,9,0,0,0,0,1,0,0,1,0,4.488436242490721,1.4350666888920394,-0.8205617866948658,-0.8521253451851971,0.1809906604718172,-1.4955610114496989,0.17965880383013036,0.24454837414771213,-1.4884073022867088,0.1412036643069634
30,4,3,2,3,5301,2,4,1,0,0,0,0,0,0,0,0,0,-1.350953926579439,-0.39222789177502276,-0.9328182927058561,0.15315449094899658,-0.1976455457836614,-0.917428406361418,0.6972557139952852,-0.49011833558321405,-0.661882163851389,0.19380047701240163
30,2,3,1,4,1081,1,1,0,0,0,0,0,0,1,0,1,1,-3.6688622715744272,2.8940463152855536,0.7407953791328663,0.7925893102908624,0.21376119511794073,-0.5960350822944119,1.4766395240205605,0.3845318271742866,-0.16366078044099416,-1.2490259450391747
30,4,1,1,3,3833,2,7,2,0,0,0,1,0,0,0,0,0,-2.083572738750108,-0.9918543819643879,0.10888237745612601,-1.3227735444258808,0.7123057349482438,0.11657886383493331,-1.1250259818152948,-0.9949423978550838,-1.339459758816972,0.2066112975074577
58,4,3,5,1,19701,9,32,8,0,0,0,0,1,0,0,0,0,5.3388331357582715,1.2787586164338363,-1.6282159220427002,-1.4479313411583616,-1.1756405797413445,0.4527279130202631,0.8438758288724953,-0.8308393444277056,-0.45495783148942115,1.3094582456623043
34,2,4,2,4,9725,15,16,1,0,0,0,0,0,0,1,0,0,0.6440786355541204,-1.5236341588616946,-0.0133003730245765,0.6020553523752356,-0.6019561581805639,-0.05059490785440198,1.3025876076027902,1.108963850823221,-0.1435694825532619,-0.9735645903252034
51,3,3,2,4,4936,7,18,7,0,0,0,0,0,0,0,0,0,0.8366627299658106,-0.6934580561517607,-0.5975347133999367,0.6255700484214892,-0.15271501233422663,-0.693206596831995,-0.3833172650745064,0.45012568885613924,-0.9419564510644618,-0.2083708456176274
39,3,3,4,1,17068,21,21,9,0,0,0,0,0,0,0,0,0,3.3567250878907333,0.26360031251375404,0.5775912332280462,-0.47243983539014217,-1.3385099039656556,-0.5007079884962633,-0.36242566638730894,-0.7183031762217119,1.0546529177527066,0.1957022744552576
36,2,3,3,4,9980,10,10,3,1,0,0,0,0,0,0,1,0,0.4291513286432492,0.48889268525454377,0.09563633647409993,-0.48691618068186354,2.8056327830477845,-1.3880085559728141,0.3857424823972138,1.4879615479039967,0.9463431795541688,0.7156519346099142
32,3,2,2,2,5228,13,13,12,0,1,0,0,0,0,0,0,0,0.5738481693886264,-0.037793473938222306,3.3417015392817584,1.5001887723167102,-1.0001515979503242,-0.19901942083194607,-0.5609583459038455,-0.5609549136381269,-0.7781462246735732,2.3583064179412254
56,1,3,1,3,2942,5,18,4,0,0,0,0,0,0,0,0,0,0.09655735241820812,-0.2702538397882106,-1.0074972997799518,0.6981823861181203,-0.33657361919364365,0.6961363776683543,-0.39120250848937993,1.4121798665260197,-0.18795592801754193,-0.3739522959436803
57,2,4,2,3,4900,12,13,9,0,0,0,0,0,0,0,0,0,1.1953397809833362,-0.710751039637099,-0.517311169870107,0.6690522751917294,-1.3380407465818283,-0.6768151737405199,-0.3756366577034446,1.340812404480613,0.2689367519660469,-0.1011280534557073
57,1,2,4,4,14118,1,32,0,0,0,0,0,0,0,1,0,0,2.5590152808231537,-0.32426871992984424,-1.4535481419342309,0.5147845675175522,1.3988426573754738,2.6465766473573282,0.6931713835088807,0.6877039242678785,-1.6116726175030853,-0.9306128229220418
40,4,2,1,4,2342,4,5,2,0,0,0,0,0,0,0,1,0,-1.593051021561459,0.3516967461083772,-0.647404330539749,0.1783680558651098,1.1639914648088199,-1.4920614552093021,-0.5702049427347484,-0.5879015148709572,-1.3963050419843448,-0.4797192491244204
23,4,3,1,1,1790,1,1,0,0,0,0,0,0,1,0,0,1,-3.7394719306379067,2.0897322386871915,0.5378791287941007,-0.026788568997252304,-1.5146223320769674,-0.022602425414882787,1.977417633889076,-2.0093670308053997,0.7990439969093186,0.13505603195796517
53,2,4,3,4,7005,4,11,3,0,0,1,0,0,0,0,0,0,0.7985463447369505,-0.5639375511820528,-2.2635674295260304,2.841441071127717,0.04412276477284881,0.21292505419449975,-0.5376633512763542,1.2630560165139937,0.5783846394514763,0.12689454863680558
38,4,2,1,2,2440,4,4,3,0,0,0,1,0,0,0,1,0,-2.1122185740020902,0.005184222151521473,-0.5032189327680544,-1.5226583926158774,0.08033179369026673,-0.8162387746350204,-1.6345026066917534,-0.534343839270699,-0.45991511627609283,0.4355121907837997
36,3,3,1,2,2143,5,8,2,0,0,0,0,0,0,0,0,0,-1.3639158700038183,-0.36708348667404256,-0.7316722568372822,0.11583359119294083,-0.7386312362840188,-0.3262098130644127,0.18978628613630477,-0.20826926347800293,0.1443066763136913,0.11566071848802663
29,2,3,3,4,7918,11,11,10,0,0,0,0,0,0,0,0,0,0.880783125489414,-0.49861736015581876,1.095225508351057,0.4979063445189057,-0.1577431595155966,-1.1558883315142936,0.12588614738455164,0.907103146235609,0.022855531537447845,-0.9410832939533731
38,2,1,3,3,13206,18,20,16,0,0,0,0,1,0,0,0,0,3.898769116214413,0.5026843288228916,2.3577978985035526,-1.1073893891747737,0.3117861458460304,-0.08707850944235102,0.039495858645518016,-0.3642204254845213,-0.2446494496201397,-1.0077065832240406
47,1,3,3,3,8633,17,25,14,0,0,1,0,0,0,0,1,0,2.9263215502704223,0.5590933070168183,0.41202875129581873,2.231068616994807,0.24019237146873065,-0.6306926041283877,-2.376986416189226,0.8472579231777373,2.0883201512778005,-0.9766125034318228
32,4,3,2,3,4883,10,10,4,0,0,0,1,0,0,0,0,1,-1.2251141739455917,-0.30547676695895226,0.6096286573281928,-1.4363409012978292,-1.129232695031736,-0.05711163522412267,-1.4674267168463353,-0.03274546217785753,-0.7813563369601939,0.34545116620229305
36,2,2,2,2,6499,6,6,5,0,0,0,0,0,0,0,1,0,-0.5665463410208857,1.1691673410746184,0.04549194673595548,-0.2091430911673976,0.5399044130627796,-0.42042903449844615,-0.5446760803540681,-0.0821576192963572,0.3230678938453357,-0.686413482685175
49,1,2,2,1,4284,4,20,3,0,0,0,1,0,0,0,1,1,-0.7741824029930168,1.9297741369893646,-0.1646397126598049,-1.777079743271671,-0.29819640795503194,2.12297345037548,-2.5976382586762483,0.8044039538613222,0.16678356413966214,-0.0824366725221425
34,3,2,1,1,4381,6,6,5,0,0,0,0,0,0,0,1,0,-1.2401927204333671,1.0106349986944265,-0.049128635598904374,-0.5238521293798222,0.009358695157812146,-0.696147015338571,-0.703135956789415,-1.0315402627495418,0.6382584740927529,-0.26841710563780374
39,1,3,2,3,4534,8,9,7,0,0,0,0,0,0,0,1,0,-0.17715026659744237,0.8294607729080223,0.16975763870527244,0.3393420068279437,0.1251593225523946,-0.8277124515073107,-0.49923270863323105,1.4456145471049795,0.5139570239660083,-1.0185450575522712
30,3,2,3,3,8474,11,12,8,1,0,0,0,0,0,0,1,0,0.6274076400641979,0.44508176296951896,1.1453100099326652,-1.0217563786750894,2.8363763557716934,-1.6399274556760866,-0.20555884829864665,-0.1427765946950697,1.2756287684248393,0.7190899316953607
51,2,3,3,2,10596,4,14,2,0,0,0,0,0,0,0,0,0,0.9266238223489066,0.36094940235678563,-1.5183602370192064,0.16393453584358503,-0.3977974233364182,0.7663676376781506,0.1954534853891427,0.4739198607942999,-0.11365202342844535,0.24811904781429478
60,1,3,2,1,5405,2,10,2,0,0,0,0,0,0,0,1,0,-0.13817169130813828,1.4880434820560766,-1.9295038853569115,0.02007769446730954,-0.2734110586617967,0.774693899108946,-0.5931858369591964,0.9827971666398824,0.6132427440871976,0.019583815189128027
50,2,3,2,3,6728,6,12,3,0,0,0,0,0,0,1,0,1,-0.15048405314422972,-0.2649391808337472,-0.0743192364168482,0.029522062639786396,-0.46403761811792243,2.016750525659901,0.1869443863915097,0.12947254556079615,-0.681059840607732,-0.9011626066093898
45,4,3,1,4,2132,5,8,4,0,1,0,0,0,0,0,0,0,-1.0013719468837456,-0.5678038177741418,1.053497026968762,2.230323757520523,-0.6517356658662399,-0.5541462501752535,0.08047088741818155,0.29098907546214037,-2.525076528459671,2.8990349220830787
56,4,1,3,4,7260,6,37,4,0,0,0,0,0,0,0,1,0,2.1310083345828987,1.0092033724369016,-1.005985155331486,0.008257196220090447,1.9035205028117024,-0.335190344192232,-1.67376510738971,-1.22187558337821,-2.166270989727692,-0.3213965194590255
46,4,3,3,4,8578,9,12,8,0,0,0,0,0,0,1,0,0,1.283498464115748,-1.7889210591047473,-0.022958817158732676,0.33014674761081025,-0.0984848992290275,-0.45868984034045546,0.6556513081778645,-0.6613330973546897,-1.0302458355340058,-0.5966519899184223
42,2,3,1,2,2766,5,7,3,0,0,0,1,0,0,1,0,0,-1.4836212242393487,-2.0334329589195166,-0.276348979050666,-1.0133673383670896,-0.9631434959411794,1.3043799968186898,-0.1285253480984039,0.6916198706731082,0.20049879829540762,-0.13500982473194742
60,3,1,3,4,10883,1,19,0,0,0,1,0,0,0,1,0,0,1.41912231949216,-1.0469175588699466,-1.960654143726328,2.1976407114084706,2.330850012257424,2.5837106068312963,-0.6404898630933803,-1.5767397143045214,-1.0883069893503519,-0.5201290448901585
53,3,2,3,4,10169,33,34,7,0,1,0,0,0,0,0,0,1,3.518097560203218,0.8086501900622615,3.7936506297434534,1.583613519100966,-0.7660763209623376,0.7983134345744675,-2.0911127613764444,-0.1240710729638992,-2.377964605806989,2.0317174996447322
39,1,3,2,1,5151,10,10,0,0,0,0,0,0,0,0,0,0,-0.36680632616986036,0.3395259733990541,-0.6225300490846509,0.03153146066961247,-0.9136308200508547,0.911132203409432,0.20702953759724396,0.6817254716606441,1.0650753927101666,-0.10126169559865905
48,4,2,5,2,19665,22,29,10,0,0,0,0,1,0,0,0,0,5.7598568603824685,0.9178724528070292,0.44758951783071454,-1.4877432560080843,-0.517046562302476,-0.22503899064144017,0.35156562187278545,-1.2580804696374384,-0.5604831728454864,0.43214448460090865
37,3,3,2,4,6502,5,7,4,0,0,0,0,0,0,0,0,0,-0.4186457558566169,-0.5453927088637797,-0.43738253025611407,0.5159964788578605,0.05174126871389327,-0.8614760842973324,0.3592700683983191,0.437016422144505,-0.8206031530326978,-0.32199708500272595
41,4,3,2,4,5467,6,12,2,0,0,0,0,0,0,1,0,0,-0.18354396378956056,-1.7433178978269455,-0.6664444705780862,0.38224978853641045,0.08265776340435287,-0.14839462453429073,0.9839988673214781,-0.6211077688983332,-1.2580147316843904,-0.49172856697388717
21,1,3,1,4,2610,3,3,2,1,0,0,0,0,1,0,1,0,-2.9901071436328173,1.5775460904369059,1.3202298803279378,0.3441102253229313,2.5934322650533446,-1.6888091524841982,2.636879456476471,1.4298458037433264,2.080162380979609,0.022710866667118666
32,2,3,2,4,4403,5,8,2,0,0,0,0,0,0,1,0,0,-0.8085385334063641,-1.4731651752786907,0.0034353686311434485,0.5605455515939306,0.23074375019888047,0.413680153591728,1.3101273034289,0.5701387194923104,-0.534778359155359,-1.1831704536101333
37,4,2,1,3,2090,0,7,0,0,0,0,1,0,0,0,1,1,-2.918311046279056,1.0140305840378139,-0.40715192027389,-1.6330093025828156,0.36468354815262977,0.20939184269170108,-1.9836291110324502,-0.3587031288707306,-1.4993872774777897,0.1550865269048864
45,1,3,3,1,5210,24,24,9,0,0,0,1,0,0,1,0,0,2.067182555199427,-1.802731499237896,1.4416542828105567,-1.283431421773731,-1.793548417028755,1.330328557919891,-1.1672578449622966,0.7767534831581532,1.5584028207886347,-0.46489299720490734
41,4,3,3,4,13591,1,16,0,0,0,0,0,0,0,0,1,0,0.47843271017420413,1.061793530887205,-1.8609410256067151,0.14011097448489465,0.927656466606292,-1.2633932534963932,0.140963908441907,0.025999222886815276,-1.5402052517842977,0.0755527312769235
42,2,4,2,2,2372,1,18,0,0,0,0,0,0,0,0,0,0,-0.5889255346251459,-0.0159448065307109,-1.8738716806088198,0.4222688851793483,-1.1210410314398722,0.2442745184458852,0.513083752055912,1.0592030666889978,0.294783026727991,0.3579704130041192
42,3,3,2,2,6825,9,10,7,0,0,0,0,0,0,0,0,0,0.3596513354355475,-0.32849157600988893,-0.21692729603554547,0.04188624786839066,-0.8884856216156679,-0.5280057750760258,-0.13838828962669655,-0.24738359948810085,0.2984473896808158,0.06423533266130689
24,4,3,1,2,2033,1,1,0,1,0,0,0,0,1,0,0,0,-3.2287097035975103,0.4644260354123366,0.28968564803958713,-0.24146491009428528,1.264041240056428,-1.3701082809082419,3.097022426484627,-1.1584957920669121,1.9497167059894684,1.6806675409542677
33,1,3,2,1,8224,5,6,2,0,0,0,0,0,0,0,1,1,-1.2652404103016883,2.561770988767046,0.03220232399297354,-0.5968563726722493,-0.5657257591199857,0.9475683999897062,-0.581770299002332,0.6346722739171581,0.9525416528978943,-0.6321512226705484
43,4,3,2,4,5562,5,12,2,0,0,1,0,0,0,0,0,0,-0.04016494835335092,-0.8544552705016873,-1.7806941621023302,2.433061664532913,0.5255754843839092,-0.433521877896944,-0.8036921385002918,-0.624359717538951,-0.04102049827556229,0.2730626762338346
38,3,3,1,3,2684,2,3,1,0,0,0,0,0,0,0,0,0,-1.7520137088875938,-0.485955075629602,-1.0125833698494906,0.3764712981194279,-0.25264461309140523,-0.4187444494823103,0.43271150140476117,0.17048922521252355,-0.4991687142120741,-0.018092401880808726
33,4,3,2,3,6388,0,14,0,0,0,1,0,0,0,0,1,0,-0.8147595963137935,0.6706703845250116,-2.1992288474044392,1.9481103128779838,0.9070406366710783,-0.8429113322770331,-0.9116561990838475,-0.8168549638229379,0.49561182299877043,0.24894638036940148
53,1,2,3,4,10934,5,35,2,0,0,0,0,0,0,0,0,0,2.2605388358517318,0.4167743026426982,-1.0070720472168428,0.6020277966680787,1.036787938685318,1.3500220148304531,-0.44693046112406404,1.0825037819030408,-1.2679421415602379,-0.6026849665916261
43,3,3,3,1,10820,8,18,7,0,0,0,0,0,0,0,0,0,1.4914001283604752,0.2003692644950703,-0.5951544874797478,-0.2699517725191875,-1.1027760475279789,-0.010552540955153272,-0.13527364934082112,-0.5858352015856485,0.6197736314415587,0.4210788838485391
42,4,2,1,1,2593,9,10,6,0,0,0,1,0,0,1,0,0,-0.9243548769160557,-2.1693762239336425,0.31175957310209,-1.6475850232729163,-0.9847011053327647,0.8681106925142268,-0.856198048503618,-1.5244223094710545,0.10036201919161705,0.26665139627865597
29,2,1,1,1,2119,7,7,7,0,0,0,1,0,0,0,0,1,-2.055497068879637,0.35734350725409086,1.891409096368818,-1.9636405122675324,-0.5042688753473846,1.807933650619957,-2.1727778936562285,-0.6900470734494731,0.31352256903559395,-0.3583963964238674
29,2,3,2,3,4335,8,11,7,0,0,1,0,0,0,0,0,0,-0.07643472678905266,-0.6226575446529337,-0.1378259385070738,2.3142334008160366,0.024928779983468433,-0.18816971220180342,-0.8333053834385562,0.13863847704947213,1.6290343155021754,-0.48008214474585215
37,2,3,1,2,3022,1,8,0,0,0,0,0,0,0,0,0,0,-1.6219089063773988,-0.04414088701086095,-1.147821536186524,0.23706136984446954,-0.4895168883424885,0.3884230476674397,0.43991130407011636,0.45045885083117415,0.1631578805707865,-0.008600071056807199
50,1,3,5,2,18172,8,28,3,0,0,0,0,1,0,0,0,0,4.343983413870867,1.6716173268336034,-1.3456064987390524,-0.897459773872949,-0.4240186616878031,1.535660858549594,1.4461681758787117,1.3449150705529191,-0.22762201214446184,0.2916603001861844
29,4,3,2,3,4649,4,4,3,1,0,0,0,0,0,0,0,0,-1.191114020399536,-0.9614346190310783,-0.16699350348056916,-0.6838336917671884,1.7993727759656053,-1.342436188779662,1.026909269280806,-0.19388452048689706,0.8953106762732994,1.6280156135220278
33,1,3,3,4,13458,15,15,14,0,0,0,0,1,0,0,1,0,3.0220523246766113,1.4026383963762876,1.5298201179897606,-0.6517751097666119,0.05758800414718569,-1.4967600758515118,0.5918281197110832,1.9586318104890954,0.1997949409012531,-1.3001535401392834
55,3,2,4,1,16756,9,31,7,1,0,0,0,0,0,0,1,0,3.3512802009803253,1.393427082422531,-0.6616892881998835,-1.4740622100751064,2.351008746335584,0.011373644425318009,-0.7602856440327725,-0.6912862999630425,1.3979058457424072,1.793618241690287
51,2,2,3,2,12490,10,16,9,0,0,0,0,1,0,0,0,0,3.0181401129453165,0.8676161100585751,-0.016962598659481732,-1.0474470797815107,-0.29538671952338047,0.7633798657609218,0.6639521241242435,0.10563444835549071,-0.2711325117105526,-0.03225640484686937
30,1,1,1,3,2613,10,10,7,0,0,0,0,0,0,1,0,0,-0.6396345890642798,-1.2986592599264237,1.9251922009595135,0.11969477944518968,0.8896437553501031,1.308414875299983,0.1856161682075079,-0.4469965136434052,0.07501401063304665,-1.9856670856262215
49,1,2,5,3,18711,1,23,0,0,0,0,0,0,0,0,0,0,2.5481878874211796,1.1961868187375202,-1.5369045230598355,0.19540485659776904,1.1222481289276593,1.8540707266601564,0.3903657569668418,0.8022127224619612,-0.9900977550051535,-0.22285403588831149
47,3,4,2,3,5067,19,20,10,0,0,0,0,0,0,1,0,0,1.7689089140005114,-2.041014428548191,0.5840210798399872,0.3890113193343298,-1.5411506432411608,-0.6723911068233485,0.2109106038376005,0.13667107306702128,0.4191298043552708,-0.6540027388530315
31,3,3,1,2,2501,1,1,1,0,0,0,0,0,0,0,1,0,-2.3516594095083505,0.8232931340617953,-0.9808561221832606,-0.08989452029839466,-0.05863687822890533,-1.0903648322103379,0.09015677048998376,-0.03583245093604673,0.22505673123113257,-0.14702821344046157
47,2,3,1,3,2105,2,7,2,0,0,0,1,0,0,0,1,0,-1.832320572144111,0.039616298078547045,-1.1308153996679706,-0.8291369270361256,-0.042135185127260485,-0.3059968351242594,-1.3769976399655304,1.6875992743034895,-0.4138788453271509,0.09369666597224563
58,1,3,1,3,2372,2,2,2,0,0,0,0,0,0,1,0,0,-1.0350901591243078,-1.3782880644093094,-1.0826774659565064,0.6710890750124099,-0.11504227615475429,1.6536062683348425,0.8252381509318836,1.0359369188094372,-0.3194773135193353,-0.8640202050566487
41,2,3,5,3,19545,22,23,15,0,1,0,0,1,0,0,0,1,5.079801723038859,2.094954753733597,3.9482449002084548,0.38587701475770947,-1.6645785797571564,0.8522511585194131,0.2832883082532594,1.0724612797424244,-1.4084532489758037,2.2777258316515
29,4,2,1,1,3785,5,5,4,0,0,0,0,0,0,0,1,0,-1.6585651898833855,0.8984554732912473,-0.17734477687180866,-0.6526509921655448,0.004629019194187255,-1.1381380880991538,-0.5460727278796899,-1.6542268926925041,0.4090646953023553,-0.03235489508973462
50,4,4,1,3,3221,20,20,8,0,0,0,1,0,0,0,0,0,0.6989941709639035,-1.9277693058704486,0.018815833741985043,-0.7898923127249096,-2.052268974862542,-1.5486982141144352,-1.7336521145927135,0.7415056708750839,-0.07340400252132913,0.7547186968344548
32,3,2,1,2,2837,6,6,2,0,0,0,1,0,0,0,1,0,-2.112826396431421,0.19459863367215297,-0.0995232276741352,-1.468613625484936,0.13928007690240113,-0.5214406777081122,-1.5177900730819853,0.03376215570522867,-0.08180522000609727,0.0849581947026875
44,2,3,5,4,19049,22,23,7,0,0,0,0,1,0,1,0,0,5.128276048880993,-0.3427362209508727,0.7394846312495081,-0.7105421348634623,-0.16939826921748322,0.5446448736458914,1.9072337356648614,0.7806483304688298,-0.7257143949831939,-0.9006680028421588
38,3,4,1,3,2844,7,7,6,0,0,0,0,0,0,0,0,0,-0.8448915365145292,-0.8629358973693702,-0.47709312354505434,0.5018043135471606,-1.2483720469904538,-1.315610806843795,0.2727128875508492,0.695733160047904,0.1850644830522529,-0.016918267600915513
45,2,2,1,3,2274,1,1,0,0,0,0,0,0,0,0,1,0,-1.9674948911969292,0.9230248295319514,-1.0422296583190775,0.2073970877977631,1.0746273866776939,-0.11051358764390813,-0.39584817963205654,0.38217272216239667,-0.6456028341881547,-0.6278533931959183
46,1,3,3,3,10527,2,28,2,0,0,1,0,0,0,0,0,0,1.6070993761832535,0.2466548169197258,-1.9918030000008913,2.454900111232395,0.5567190513287225,1.5204671392348204,-0.8132299812745285,0.8757130433979614,0.9229449599601287,-0.0885794806305707
34,4,4,1,4,2932,5,6,0,0,0,0,0,0,0,0,0,0,-1.6035542154977305,-0.9436041377912571,-1.2360774860858068,0.6210085165521456,-0.6716004539372565,-1.5928956329128818,0.7363772225308423,0.45155539200118877,-0.8468013485263067,0.19064634520613213
55,3,3,2,2,6385,8,17,7,0,0,1,0,0,0,0,0,0,1.2323458575506077,-0.5247260896557788,-1.543400675105588,2.1100409552112205,-0.4004318779156199,0.3948511140726159,-1.5080546320715433,-0.6725124975589057,1.2569015176073197,0.4545818305567637
19,2,4,1,4,2994,1,1,0,0,0,0,0,0,0,0,1,0,-2.7215888311112804,0.5350438672345651,-0.6488187140831168,0.5678525153527946,0.10097684967781552,-1.8413707585380983,0.8152113310935323,1.779220419769072,0.015212330851424398,-0.7964839449590704
32,1,3,2,4,6162,9,9,8,0,0,0,0,0,0,0,0,0,0.0703457258753788,-0.4506513488594666,0.8382826923573856,0.6834121987186902,-0.07153283911806932,-0.5700973507012326,0.16462443146846714,1.5707659147660609,0.12504359945378477,-1.129737848944247
40,3,3,2,3,3975,8,11,7,1,0,0,1,0,0,1,0,0,-0.3705268168146701,-2.8061515047199213,0.6660011527235581,-1.7784469600690676,1.334273397123058,0.14131803970178608,0.15644411228467478,0.6638875506925056,1.0859034327163233,1.3147436171076028
30,3,2,2,2,5209,11,11,8,0,0,0,0,0,0,1,0,0,0.12004887272206821,-1.3784246212139482,1.2326885716943043,-0.247935664253007,-0.23604291429834476,0.3264980840288773,0.4351374724582957,-1.409340395825715,0.35923056021196004,-0.977207143653915
48,4,3,1,3,2259,0,13,0,0,0,0,0,0,0,0,0,0,-1.1351866444943512,-0.5254100398167714,-1.9366975787308602,0.35217742662739804,-0.25229620648022066,-0.3319879272539398,0.10687581908447037,-0.39126381378488645,-1.1297179024135942,0.5047689294130979
45,1,2,4,4,16792,20,22,8,1,0,0,0,0,0,0,0,0,3.50649539522109,-0.26241576100959857,1.4460365523238519,-0.46366411276993874,2.744739230826911,0.03332675297347475,-0.07702038915951422,1.2559606943022958,0.9754579567263455,0.4353258220828773
29,2,1,1,4,2720,10,10,7,0,0,0,0,0,0,1,0,0,-0.6602458747560123,-1.6300336140641014,1.8986879343208631,0.24285506978241245,1.1920718627686735,0.6223502789534104,0.21906674735555517,-0.7371787359213214,-0.6587107790510245,-1.9543493145996398
46,4,2,2,1,4615,16,19,13,0,0,0,0,0,0,1,0,0,1.6574985127803663,-1.6074878171412579,1.2083467470851346,-0.5059878454016896,-1.0017176927904967,0.1341451128371653,-0.5268569231703385,-2.352020806446977,0.6119422768486054,-0.44739896600598167
41,4,3,2,3,5003,2,8,2,0,0,0,0,0,0,0,1,0,-0.9045707607561826,0.6763234497525646,-1.4147356315865651,0.04905014998282375,0.275613408865992,-1.4461807811777685,-0.17696218721125903,-0.29879368815802315,-0.7498727146157936,0.08472743950977332
41,2,3,1,2,3140,4,4,3,0,0,0,0,0,1,0,1,1,-2.600450079081194,3.1765155433888346,0.6229448348706426,0.3358234541589766,-0.6819282291028621,-0.060463809477794075,0.9279875251057075,-0.26065644384697795,0.7831083496733395,-0.7420495758411215
52,4,4,4,3,13247,5,24,3,0,0,0,0,0,0,0,0,0,2.2443441568811475,-0.029195415936926986,-2.152509960904418,0.28400431190967723,-0.8045350846955022,-0.6008933705538707,0.33937167710282856,0.14822497696915965,-0.8765147265425177,0.8526538686100866
51,1,2,3,1,7484,13,23,12,0,0,1,0,0,0,0,1,0,2.4261335760579414,1.1577543621998942,-0.048863994667562166,1.6587525306271742,0.3542600042557352,0.6433060918221574,-2.6171733743039165,-0.34548875254866457,2.4803923314492202,-0.5759121955445018
36,3,3,1,4,2644,3,7,2,0,0,0,0,0,1,0,1,0,-2.2985051249444184,1.7176816194689293,0.010162339411194569,1.058351277978735,0.3215187208647635,-1.9036021782813168,1.7055776286064188,-0.05129126577114182,-0.15270343038199216,-0.7388830438199517
38,2,3,2,1,6673,1,17,0,0,0,1,0,0,0,0,0,1,-0.6987568868658319,1.2422654354817178,-1.4879387239745496,1.5229370872548416,-0.5316299069570184,2.311680674895444,-1.2135517466579655,-0.5704464390629274,1.507616514294412,0.283280529780946
31,4,3,2,1,5332,5,10,2,0,0,0,0,0,0,0,1,0,-0.9555327553195301,1.044173643380267,-0.9992644652249694,-0.5211507047965551,-0.5152535570652822,-1.2409390389367458,-0.16524567272687,-1.0341180726588206,0.5017294168131001,0.3528645914309863
44,2,3,2,1,5454,4,9,3,0,0,0,0,0,0,1,0,0,-0.30594320242293416,-0.9088171076903646,-0.7419196633161004,-0.09449480514394167,-0.8676085128813423,1.46765547893741,0.9300269514631271,-0.3497392520097746,0.6864268935877234,-0.32393035050038954
30,3,3,2,4,5304,8,10,7,0,0,0,0,0,0,1,0,0,-0.13748882457303574,-1.807260591932586,0.7126939968667856,0.40292282097890636,-0.07944761787772503,-0.4581339151803082,0.977211384722144,-0.1172859584719013,-0.43799955276549785,-1.1335741964479242
31,4,3,1,2,2302,3,3,2,0,0,0,0,0,1,0,1,1,-3.216697121389973,2.9173538547066786,0.5442763133241332,0.06679363139751336,-0.7492080558280959,-1.0316937738190382,1.1543122384879816,-1.5231136417146378,0.3947436119066472,-0.31082146893242146
27,4,3,1,3,2394,8,8,2,0,0,0,0,0,0,0,1,1,-2.096500646435687,1.380676093405031,0.2986876952859914,-0.38595692547168775,-0.25886715079971495,-1.136125089747043,-0.821767568318911,-0.6018816029618507,-0.5274340832564999,-0.4802247875184063
24,4,2,2,3,4377,4,5,2,0,0,0,0,0,0,1,0,0,-1.3362520250725252,-1.4310377777499266,0.26131243732970644,-0.1063025260118275,0.4594529938472886,0.0919914455311535,1.1621384252352076,-1.6189018604289578,-0.7331558801464516,-0.7509608478495204
50,3,2,1,3,3690,3,5,2,0,0,0,1,0,0,0,0,0,-1.4874579309820597,-1.0631748253104565,-0.8466532329067696,-0.919868815752024,0.04848434756204516,0.5209311376918847,-1.2122679031886199,0.3348187237373783,-1.1367872143498798,0.4353803115850893
39,4,2,2,3,5902,15,17,11,0,0,0,0,0,0,0,0,0,1.214441144119351,-0.7540669703103389,1.0729818645722518,-0.01891455706019486,-0.21833943598554953,-1.2488855768772986,-0.8958187157307294,-1.2443099275949754,-0.3557684606016663,-0.36088202808648506
30,3,3,2,3,4695,8,10,4,1,0,0,0,0,0,0,1,0,-0.6871121317048505,0.23047516022253317,0.18239977733051105,-0.7704934614640444,2.247174957967683,-1.8106846304479298,0.24310899617839812,0.5225245661610254,1.3765095288242648,1.044333985835676
30,4,2,2,4,5126,10,10,8,0,0,0,1,0,0,0,0,0,-0.47559185659010095,-1.4877565019722399,1.0157206085190265,-1.003559515204229,0.0601893639403565,-1.1527199243945656,-1.2613871634941922,-0.16762908929414613,-1.0415078327868477,-0.05810166416705492
59,3,2,5,4,18844,3,30,2,1,0,0,0,0,0,0,0,0,3.495876663433235,0.19532920824978584,-1.5264181868693152,-0.5562596694081468,3.3514844812212594,0.7212453860064869,0.359685958036563,0.2444046368943964,-0.726844501809196,1.7303554565337909
36,1,4,3,1,11713,8,10,7,1,0,0,0,1,0,0,0,0,1.8509631130392765,0.5543476459852035,-0.07769431566852733,-1.7771242909943437,0.29531547488887105,0.15318405079571062,2.305111709487857,1.8963305368573509,2.664236854563904,1.757397355030722
29,4,2,1,1,2404,0,3,0,0,0,0,0,0,0,0,1,1,-2.9462852835161515,2.0753375739289277,-0.3472543547609216,-0.9743636717816193,-0.02357293867862739,0.200631414130101,-0.8121872540374194,-1.7725361307471026,-0.20312269548716197,-0.050737015277005706
30,2,2,1,1,2033,1,1,0,0,0,0,0,0,1,0,0,1,-3.4624419110794986,2.5218575349246946,0.9469349237813276,0.08083885988096927,-0.7056182901906018,1.3862482433586518,1.593626806059296,-1.3538551213019931,0.872370429370513,-0.5258796016081488
50,3,3,5,2,19926,5,21,4,0,0,0,0,0,0,0,1,0,2.896866053470512,1.8623465799369776,-1.7156068770209982,-0.32738255429707874,0.24472266592889383,-0.2891464902562138,-0.18745635717525935,-0.04032306564932156,-0.3213845421173337,0.3436756181409828
37,3,2,1,1,3920,3,17,1,0,0,0,0,0,0,0,0,0,-0.8992221213696667,0.1585946060199942,-0.8527136010180884,-0.29495368710452846,-0.3139103685337846,0.6510874836454225,-0.18288566192124237,-1.1412268569258144,0.1230516124449307,0.24822517734015237
38,1,2,3,2,12061,10,19,8,0,0,0,0,1,0,0,0,0,2.660301376032341,1.0875344564386502,0.5342148512740825,-1.0203513514328033,-0.19275924458036647,0.9543707203651068,0.9499166106842797,0.6452880041004785,0.1995289942178001,-0.46134612646234624
41,4,3,2,4,6230,14,16,3,1,0,0,0,0,0,0,1,0,0.38830403824692994,-0.10789004884074803,-0.10964773973409676,-0.611422112311254,2.4403337763048616,-2.239740905539193,-0.1855569512617762,0.2520479780245496,0.4615994378742023,1.233853400964307
29,4,2,1,1,2109,1,1,0,0,1,0,0,0,0,1,0,0,-2.446390156999718,-0.7588448117471396,1.4190398272071703,1.1951159990391964,-0.7218702002927436,1.459214635128121,1.2313936715402214,-1.7770657644246879,-1.318757382902901,2.715479138724821
45,4,3,2,4,3697,10,12,9,0,0,0,0,0,0,0,0,0,0.5216632333685658,-1.0435865502956494,0.015477989159088696,0.4802523451815621,-0.37225519973852145,-1.572430439403853,-0.39666013945629325,-0.21404764469728746,-0.8479438984731891,-0.17104848963516892
29,1,3,2,1,5373,5,6,3,0,0,1,0,0,0,0,0,0,-0.7589270015427808,0.1006625220276528,-0.8238196898414678,1.9424204965845715,-0.39687796139406945,1.0723102775636308,-0.48009630905886763,0.1593641265647173,2.5950205367368917,-0.13315428837864446
42,4,3,4,1,17665,22,23,6,0,0,0,0,0,0,0,0,0,3.41840433409232,0.23248080818061656,-0.023257930231991426,-0.5710503404363896,-1.3124563102915368,-0.6193826885914363,-0.36360904813972234,-1.3019351192138435,0.5824345536255086,0.6092489081574526
48,4,2,5,4,18265,1,25,0,0,0,0,0,1,0,0,1,0,3.306215605788448,2.3191740552508087,-2.1177609327754583,-1.0648369118489567,1.6166469330550604,-0.1764601627482753,1.0779587907312196,-0.2298652613447204,-2.497017730597045,0.3395007620091075
20,4,2,1,4,2926,1,1,0,0,0,0,1,0,0,0,1,1,-3.641454402592806,0.8288905346525265,0.5048229468813306,-1.527206659827215,0.7346202312142885,-0.553009719955652,-1.4846507038720036,-0.11694380765909715,-1.5840795274891462,-0.36130695251620965
31,3,3,3,2,10648,13,13,8,0,0,0,0,0,0,1,0,0,1.243373999007994,-1.2267971507433832,0.8179904249943186,-0.19805529900044622,-0.8213231623808399,0.009966604760785747,0.8354251637644812,-0.8170004034630347,0.6034219317476227,-0.6815989858299065
41,3,1,2,2,6430,3,10,2,1,0,0,0,0,0,0,0,0,-0.462717024948911,-0.20996632904274243,-0.10137981544478615,-1.0684859945180103,2.9404096238899204,0.6642015457954686,0.17432008425281256,-1.0594621092485152,0.6469544302275272,1.4041187988275732
29,1,2,1,1,2335,2,4,2,0,0,0,0,0,0,1,0,1,-2.360528502264756,0.21612277568801447,0.9214829468916829,-0.5395710728159654,-0.4180775722765476,2.8509349637231294,0.40563061351265234,-0.5810109149210485,0.6425387473385524,-1.2693602625436966
42,2,3,2,1,5155,6,9,4,0,0,0,0,0,0,0,1,0,-0.42586967463055125,1.2156645700741908,-0.8101721924090438,-0.22963996276347437,-0.4982381548849356,-0.35470722459401954,-0.4502042572274682,0.23171896817110232,0.9440003630597883,-0.11214325972139821
36,2,2,2,4,6652,6,8,3,0,0,0,0,0,0,0,0,0,-0.39134305350386556,-0.22392776450654422,0.08353284348780833,0.4572005060909623,0.8136795084478381,-0.0018670929130819953,0.11083637809045756,0.43476421103314816,-0.8752942361707742,-0.8107375171984034
32,1,1,2,2,6735,0,10,0,0,0,0,0,0,0,0,1,1,-1.6369692960189286,2.7978568684627714,0.31420128405777537,-0.626886434860484,1.3428013658178217,1.8503454036053604,-0.9883695035679487,-0.22032380040853017,-0.3828805535176777,-1.1765273770984783
36,1,3,2,3,5347,3,10,2,0,0,1,0,0,0,0,0,0,-0.4763895698153696,-0.18904505283887058,-1.2263817413544373,2.4833669218242007,0.4072619659685523,0.9085171336681854,-0.513391316317512,0.8634343475407802,1.344932526919525,-0.4034187226268073
42,2,3,1,1,2576,5,8,2,0,0,0,1,0,0,1,0,0,-1.5429237013318766,-1.8088492583327016,-0.4973891239425436,-1.250282797720498,-1.2933485458515337,1.6435102867887517,-0.14332561054723983,0.36948919479176834,0.6333328317133877,0.12718843910513852
43,4,3,4,4,16064,17,22,13,0,0,0,0,0,0,0,0,0,3.5777904254868935,-0.5553040833891654,0.7348102745487552,0.19733244784704881,-0.37678316358703495,-1.7412021232829153,-0.47166099273251877,-0.333668372190909,-0.6565126824082319,-0.22659000116377281
36,3,3,2,4,4502,13,17,7,0,0,0,0,0,1,0,1,0,-0.2473208206031416,1.6195026539062938,1.1529388408993155,0.9634016072665466,-0.020902193426975677,-2.3910530936048624,1.1003296776667488,-0.1825262263280627,0.28222266409449454,-0.965231341413374
36,2,3,2,2,5674,9,11,8,1,0,0,1,0,0,0,0,0,-0.26076320605199343,-1.3617870461843489,0.7672553079763201,-1.9043523721328222,0.9314591286348085,-0.2386324899895808,-0.5956455659384958,1.376107809232923,1.9800994844261222,1.7390067199411978
36,2,3,3,4,9738,9,10,7,0,1,0,0,0,0,0,0,0,0.7599680612248912,0.10230795212772403,2.179400559238896,2.2104445727950575,-0.47155484495526456,-0.07458893791247548,0.37644309280004024,1.4064977333903,-1.6942555622451585,2.198548737039305
38,4,3,2,4,4735,13,19,11,0,0,0,0,0,0,0,0,0,1.0927071382488183,-1.0688210647169913,0.6788366146095982,0.39860094670582963,-0.5067675556944684,-1.8851948061201234,-0.5384220918771921,-0.30699913364686365,-0.5668278175709407,-0.35174912411303727
33,3,2,1,1,2799,3,6,2,0,0,0,0,0,0,0,1,0,-1.8179304298313983,1.1211256488649686,-0.5636815437246709,-0.4882843590463118,0.17369199812910432,-0.4302662519242705,-0.4870792440763046,-0.993581869724808,0.4381975834417502,-0.15352974688623616
45,1,4,2,3,6434,3,9,2,0,0,0,0,0,0,0,0,0,-0.315448170195265,-0.09514884698179366,-1.3240341398043125,0.717045775113229,-0.7553244869856568,0.20485474246290636,0.6320193062544365,2.008930102391903,0.17258122469859527,-0.19336189857533934
27,1,4,2,3,6500,8,9,7,0,0,0,0,0,0,0,1,0,-0.3889356567890874,0.7827386722888239,0.2600103228648491,0.37947996792696864,-0.5215525800291826,-1.5173163102800955,0.10696867158377592,1.9853772675738328,1.04892754801619,-0.9604917949010672
34,1,2,2,2,4599,15,16,9,0,0,0,0,0,0,0,1,1,0.11921397703342836,2.024220455721078,1.964468408853676,-0.4969767117178376,-0.08738196136812193,0.38158263097530076,-1.785007664838048,0.21579590589337092,0.7629105163621981,-1.4393191056723464
29,3,3,1,2,2703,5,6,4,0,0,0,0,0,0,0,0,0,-1.4900702524180542,-0.4192897708896321,-0.18896700327879873,0.05540809669566692,-0.7966224925728256,-0.6543909671008118,0.2926195021113152,-0.25795004690769935,0.3968657560437251,-0.058490870380913496
32,2,3,2,3,5010,11,12,8,0,0,0,0,0,0,0,1,0,0.03403139417593833,0.6422708784402414,0.5975311637242886,0.1592952956307136,-0.040366090271129904,-1.5291682080399125,-0.56416179299333,0.7593095794814679,0.5069339704945436,-0.9141749511365312
44,4,3,4,1,16328,20,24,6,0,0,0,0,1,0,0,0,0,4.232495931009649,0.8746434045541402,-0.34929325643480774,-1.5166914577175306,-1.4825400136554354,-0.2962161509264964,0.8808306296818568,-0.9411935744980295,0.15054079097130219,0.9009306655622468
40,2,3,4,3,13237,20,22,6,0,0,0,0,0,0,0,1,0,2.686211590266588,1.1450309198807274,0.36944444302598484,0.013924000796496562,0.058719383439452225,-1.1504774974143532,-0.730612871881808,0.7313319613018748,0.28622928971004014,-0.6885230630939017
55,1,3,4,2,16835,10,37,9,0,0,0,0,0,0,0,1,0,3.966546820084259,1.760413665703532,-0.7114694125211144,-0.037062046715146346,-0.07566294202044853,0.2165788494012842,-1.0758055650619895,1.0993248213362696,0.4780385500767011,-0.3630582774434793
41,1,3,5,3,19419,18,21,16,0,0,0,0,1,0,1,0,0,5.438063161387584,-0.2505333070465979,1.7488177601537611,-0.86493078484645,-0.6907878648321317,0.6050746766803243,1.6980778278401047,1.008607426510343,0.44860862140457225,-1.2281689283305823
43,1,1,2,3,5346,4,7,3,0,0,0,0,0,0,0,1,1,-1.0875967872458114,2.335310561140062,0.6432288415228019,-0.30657872287916965,1.4689049127123002,1.4584995651962989,-1.4282711271600301,0.12750704062224374,-0.7979744321866343,-1.4194140465973406
38,2,3,2,2,4198,3,8,2,0,0,0,0,0,0,0,1,0,-1.002454124105477,1.122965576839595,-0.9850542325618712,0.01482477531743915,0.005010585139394973,-0.49455104685489876,-0.14483370935339324,0.5749200037908166,0.36804960268936304,-0.30120488622290703
29,2,1,1,2,2760,2,2,2,0,0,0,0,0,1,0,1,1,-3.3216556327950504,3.5272502581447953,1.6424555109144048,-0.043401940024614796,0.7812730080078519,0.609383548148724,0.7125659735882732,-1.5161656497466167,0.31924684458300967,-1.3180105734572238
45,4,3,3,1,13245,0,17,0,0,0,0,0,1,0,0,0,0,1.6240513756218526,1.1703492325785991,-2.3747554529553754,-1.3522205498205302,-0.8728375488246474,0.6319959165235682,1.7328674782093558,-0.7395537589794725,-0.6399536307653364,1.3288860521076482
34,1,3,2,2,4325,5,5,2,0,0,0,0,0,0,0,0,0,-0.9774137902451807,0.11745570513568981,-0.37780239036525975,0.2701086244260302,-0.5011935287094242,0.4812905902912164,0.4796551090544562,1.0112833837478157,0.6809005649349403,-0.4196388614684842
38,4,4,1,3,2610,4,4,2,0,0,0,0,0,0,1,0,0,-1.4828827554780233,-1.9376492895628763,-0.9985002669123826,0.3472085361072086,-1.0215527263216806,-0.5097489334691773,1.3677173423103965,-0.3223748857008366,-0.35001754419403597,-0.14563126536177975
55,1,3,3,4,10239,1,24,0,0,0,0,0,0,0,0,0,0,1.2873865980493373,0.31359013964613314,-1.8824450238880335,0.8037491395650312,0.5243075262236955,1.1053274864635776,0.2154308564693322,1.7718603529012216,-1.14568809176529,-0.272024226072049
40,1,2,3,3,10435,18,18,15,0,0,0,0,0,0,0,0,0,2.62122029985209,-0.21517216636033232,2.0921041435751384,0.20869862131215525,-0.11300452444950615,-0.26726508590825576,-0.9356657040890749,0.5417046957028019,0.6252817719723671,-1.2641123497586066
20,4,3,1,1,2728,2,2,2,0,0,0,0,0,1,0,1,0,-3.200918832875206,2.151043760097852,0.2075774365855157,0.11700610334673822,-0.787900775842635,-1.9456967978296065,2.0189938981925852,-1.7151407892050994,1.3749158659659408,-0.029737592769030513
33,1,1,1,4,3408,4,8,3,0,0,0,1,0,0,1,0,1,-2.1302927266469514,-0.9093716305638178,1.7469944128749837,-1.1731084521126944,0.9543358446083418,2.8132614666321114,-1.0176582462375636,0.5092722281221684,-1.2770409652804462,-1.6259446217554085
31,4,3,1,4,2356,6,8,4,0,0,0,0,0,0,0,0,0,-1.2722014765770238,-0.9644542860349824,-0.1893214200282681,0.4438504876873164,-0.1665926591064372,-1.5416052803377571,0.22326734604900828,-0.21552926680558157,-0.8644628064268747,-0.22037330949510942
40,1,3,3,4,10322,11,14,10,0,1,1,0,0,0,0,0,0,1.6927882002434718,-0.0750480518213682,1.9743587848555313,4.292383876058146,-0.08114685944110295,0.7016868387515195,-0.9278961066808752,1.507809641210393,-0.04053592255649261,2.033259771961685
50,4,3,4,1,17856,2,32,2,0,0,0,0,0,0,0,0,0,2.7346234537917518,0.7996488695166226,-2.3369662620721328,-0.4312546253553022,-0.6746839496161319,0.6224934438932529,0.11265236415382242,-1.120893554478737,-0.4033955738421034,1.2023922214646785
27,4,3,1,4,2580,4,6,2,0,0,0,0,0,0,0,1,0,-1.9357385144914827,0.2547619118104821,-0.5052772042755301,0.2398438284827618,0.492833292855561,-2.218054971022024,-0.005921557965698561,-0.05568556107790054,-0.8261367540285209,-0.4474779302042423
36,4,3,3,1,8321,12,15,8,0,0,1,0,0,0,0,0,0,1.3441007701563616,-0.3746392776445879,-0.663163422107739,1.5624915793639238,-0.8438167336613872,-0.35873876311512987,-1.184262736158295,-1.7473044866399141,1.997941635569885,0.6162589347085322
53,4,4,4,2,16598,9,35,8,0,0,0,0,1,0,0,1,0,4.519032423526868,1.8567539695633135,-1.7669577208961593,-1.2034104600537099,-1.0874054194337284,-1.1794540977730437,0.5662539442847486,0.2181043686038236,-0.37697136330289704,0.9247797994855033
42,2,4,2,1,5538,0,10,0,0,0,1,0,0,0,0,0,0,-0.643274860768594,0.018340996208792145,-2.6564998518380882,2.1010158796475893,-0.9212166123719544,0.9831079556804161,-0.25375058942488515,0.272402596402765,2.05134390209801,0.7506407986755278
37,3,2,2,4,5163,1,17,0,1,0,1,0,0,0,1,0,0,-0.3436291281121651,-1.9186620724442849,-0.9233351841885944,1.473183118029753,3.6404728183621113,1.2618799801959988,0.4418757360942555,-0.7594946206823648,1.170793981469456,0.8150353651523158
43,2,3,4,1,17159,4,22,1,0,0,0,0,1,0,0,0,0,2.899837715044756,1.6635181454530594,-1.7139262031007472,-1.245182999093212,-0.755266038241228,1.3564605792531244,1.7502703432610973,0.424577395768902,-0.0041091391526053515,0.7459174526737627
23,4,3,1,3,1223,1,1,0,0,0,0,0,0,0,0,0,0,-2.6227163317743907,-0.6140227104869728,-0.7088336748683288,0.19243159169896046,-0.26018124491257977,-1.1267799795246365,0.7966322140353594,-0.5049572258759055,-0.5060518485991665,0.05535862937485446
52,3,3,1,1,2950,5,12,4,0,0,0,1,0,0,0,0,0,-0.8746456665470411,-0.914742202175074,-1.1718641408439,-1.2322299257027434,-1.5053898442262872,0.5247437996540405,-1.3358819035471714,0.25169835159784826,0.23638464314220842,1.0690526345908733
29,1,3,1,4,3760,3,3,2,0,0,0,0,0,0,1,0,0,-1.7180418923446685,-1.4677469696224317,0.25103196687639184,0.6835996897012702,0.2668021613016775,0.6913354014169806,1.46323823867295,1.192120918272703,-0.20156184524229812,-1.5300789672024624
50,2,2,5,3,18740,27,29,3,0,0,0,0,1,0,1,0,0,5.5662624193002825,0.0572527704341057,0.5973265479468721,-1.0768017801371623,0.15877871335286886,1.5638876006777724,1.3594699991515984,-0.13720905516194692,-0.7676556571494708,-0.730891213066064
42,2,3,2,3,4907,20,20,16,0,0,0,0,0,0,0,0,0,2.0931801749631673,-0.8860659661535414,1.826667062336598,0.3652296254256419,-1.1052751851369398,-1.2914397986124413,-1.070760925332994,0.5247341795152061,0.816116247769718,-0.8737605293099208
34,2,4,2,3,4404,4,6,3,0,0,0,1,0,0,0,0,0,-1.3440948943854332,-1.0541056394706834,-0.6677514862053633,-0.6423621062354338,-1.2212207432673023,-0.345123490994494,-0.2423729602732281,2.0548495537169282,0.11798458120043141,0.3627801988102772
32,3,3,1,2,3931,4,6,3,0,0,0,0,0,1,0,0,0,-2.0914749934488306,0.9759102441813434,0.28959833785364836,0.7050959893950157,-0.9720637999397385,-0.8143256581979877,2.1971164007310793,-0.8889363460140413,0.8693827897823635,-0.12937760024278566
56,4,2,2,1,5380,0,6,0,0,0,0,0,0,0,0,0,0,-0.6268316085121267,0.15849804202609274,-2.091243462832128,-0.296374797154134,-0.17559478808286832,0.8171334351608445,-0.15774595949413986,-1.5920337994293492,-0.6532762186372311,0.8905398715420072
27,4,3,1,2,3816,5,5,2,0,0,0,1,0,0,1,0,0,-2.091565744488785,-2.2425109728526493,-0.0907065990109472,-1.3522408577131662,-1.0237173067839676,0.1938120633174703,0.2397303635436487,-0.6032340009337396,-0.07283580465582602,0.2172841793327984
40,3,3,1,1,3377,4,7,3,0,0,0,1,0,0,0,0,0,-1.6283276352801959,-0.8566669996882931,-0.8258315425074271,-1.3166855009314937,-1.422771533007382,0.2848273602949112,-0.9014954032346448,0.21216119063873998,0.4275716269373164,0.9192190919685826
37,1,3,3,3,10048,1,17,0,0,0,0,0,0,0,1,0,1,-0.12000854461487907,0.39120673476632756,-0.2312862631409551,0.0030970065612535465,-0.03545100618692703,2.6412396314305413,0.8588226922014472,0.7099638645084654,-0.5355299106326411,-1.1153402400276629
33,2,2,1,3,2008,1,1,1,1,0,0,1,0,0,1,0,0,-2.5515630867111168,-2.4268112997359177,0.4453754279065979,-1.787944561799341,2.3907217240192917,1.2622972427525694,0.5901119096785337,0.7492874214555542,0.7850385405727497,0.9249074058866916
36,3,3,2,3,5237,7,17,7,0,0,1,0,0,0,0,0,0,0.48045246642289596,-0.6934580292103834,-0.7242163111496204,2.2421776345881144,-0.011841096618718627,-0.30708097690303204,-1.0668640587224982,-0.44409297372320056,1.1470423652773198,-0.054872363917112366
39,3,3,1,3,3755,8,8,3,0,0,0,1,0,0,0,0,0,-1.3121411428409375,-1.2837019552681874,-0.33004406294384153,-0.863909275677269,-0.7910332927065215,-0.37000059079847236,-0.9325514774355631,0.8328951671398306,-0.4250472633334,0.3954528850416959
36,1,3,2,4,5079,7,12,7,1,1,0,0,0,0,1,0,0,-0.0062004841135804385,-1.5206874416855554,2.919420686623835,1.522670099575302,1.6965450994597635,0.9852535934516693,1.5089600297813521,1.8935290117751156,-0.04422476209852599,2.8771418251512997
36,3,3,2,2,5228,9,10,7,0,0,0,0,0,0,0,0,0,0.02538834986893095,-0.370850140233424,0.04911638252724872,0.026395385797798356,-0.9059323175477908,-0.69551030707405,-0.05314319370746808,-0.2802076203089284,0.4410308746397555,-0.0400819495873157
37,3,3,2,2,4197,1,18,0,0,0,0,0,0,0,0,1,0,-0.7811291775702678,1.1574490500590406,-1.5813018575191855,-0.09158797011000201,0.057566644205990794,-0.5968913443744984,-0.1797628798671134,-0.040438203229747144,-0.0917125969604522,0.09122814259063958
51,4,3,5,2,19847,29,31,10,0,0,0,0,0,0,1,0,0,5.494268204451994,-1.0793887028642606,0.8256997086479148,-0.4206466384671556,-1.1123333562775208,-0.13126830576362566,-0.14200492171736492,-1.4881438649245313,0.21659662720473682,-0.19881076844805437
49,1,3,4,2,16413,4,27,2,0,0,0,0,1,0,0,0,0,3.408916507049357,1.5869387591695465,-1.6270527193802928,-0.8423564431479649,-0.38527980292224695,1.6255693569360625,1.534277173199109,1.3766652150542735,-0.3181558249537966,0.31720684720558184
43,3,2,1,3,2437,1,6,0,0,1,0,0,0,0,0,0,1,-2.1510629533196233,1.1304035619010842,1.4651526850979097,1.5750486688953411,-0.29484055473576287,1.8166907065084323,-0.4424325858858088,-0.16839348397389203,-2.6441321545349776,2.580639672361336
33,4,3,2,2,4302,3,4,2,0,0,0,0,0,0,0,0,0,-1.2250303302952998,-0.2994792709679756,-0.9464147732799231,-0.056366978105302515,-0.6397354555624042,-0.7041726697661672,0.49001540217491035,-0.814749217179259,-0.14473356515917507,0.4103546520249025
46,4,3,3,3,10845,8,13,7,0,0,0,0,0,0,1,0,0,1.384848195785348,-1.4611237735948697,-0.34330492686917186,0.056987553859226485,-0.3688376078382465,-0.052719766408900935,0.7350322902811828,-0.9779705882581975,-0.6540717788962378,-0.29846843670360945
56,1,3,1,4,2587,4,5,2,0,0,0,1,0,0,0,1,1,-1.922205022241416,0.9504671303439731,-0.4635832887361617,-0.8025784369564785,0.05200587885236269,0.908755313800613,-2.1217631901185996,2.481605598719049,-1.0531610282367296,-0.5098964485234779
32,4,1,2,4,4668,8,9,7,0,0,0,0,0,0,1,0,0,-0.2004674715553681,-1.7098328849342446,1.2509796614455952,0.0061154941940877935,1.2168277879838745,0.017530803131638063,0.3023862654088406,-1.9300546705017134,-1.351339061439121,-1.2859573810234108
30,2,2,2,1,9714,10,10,8,0,0,0,0,0,0,0,0,1,-0.09946600489709849,1.2231617022553665,1.5149667418613382,-0.7531728249132782,-0.7980144266611328,1.1401788018119627,-0.8133717073271074,-0.8403131446698469,0.7434262725702407,-0.6149033480875529
27,1,3,2,4,4227,3,4,2,0,0,0,0,0,0,0,0,0,-1.3429493313400491,-0.21737728053931726,-0.03384977402737256,0.7140104805458741,0.28145414745480124,-0.1531948350342501,0.7834352563914341,1.642689433462017,-0.19952145332320537,-0.9545583130408268
42,3,3,3,1,13348,13,18,7,0,0,0,0,1,0,0,0,0,2.8914274605140684,0.8461243638874851,-0.3385725057536743,-1.3288448307051333,-1.390677139305116,0.05322850813191276,1.0760861264228094,-0.285754734672325,0.407065201590402,0.5892656868044787
20,4,2,1,1,2600,1,1,0,0,0,0,0,0,0,0,1,1,-3.2702153416399504,2.0682291380258837,0.11125926038979514,-1.0441179508031873,-0.03648691024783345,-0.0709642914140395,-0.6113141914458743,-1.8239331532898166,0.019829597528180625,-0.2084180328971875
50,4,3,1,2,3875,2,4,2,0,0,0,0,0,1,0,0,0,-1.8320657496651553,0.8445632965679455,-0.8544484085960229,0.731662624170718,-0.962801803296874,-0.6710581660283171,1.9320823903877835,-1.374561856753689,0.13603311458342401,0.4708146407830057
19,2,2,1,4,1102,1,1,0,0,0,0,1,0,0,0,1,1,-3.8037571737314653,1.0665905820813464,0.8862429204308683,-1.2853318597605201,0.836495369531779,0.20699829548614568,-1.450865767799583,1.102180755351083,-1.0115442072694094,-0.9376571198888957
31,1,3,1,3,3067,2,3,2,0,0,0,0,0,1,0,0,0,-2.504886724489942,1.1096439425558196,0.519287262027235,1.1824589283807982,-0.40345327379754237,-0.19839333270719328,2.4595174388232564,0.6859163903969724,0.8518469319391431,-0.8736624623975856
29,3,3,1,4,2157,3,3,1,0,1,0,0,0,1,0,0,0,-2.7891366715020953,1.029274045027429,2.224436398100698,2.884447464683199,-0.6613973943088726,-0.670007688265008,2.602727328190033,0.201943682900404,-1.4840404395403939,2.3182070847558554
42,4,3,1,3,3968,0,8,0,0,0,0,1,0,0,0,1,0,-2.0762861550213145,-0.06803224634910075,-1.6576301061673238,-1.1024815244276456,-0.015319798746832071,-0.9908231852755617,-1.144325401046805,0.46099327970209264,-1.0278496241656854,0.6790265829793513
36,2,2,2,3,5673,10,10,9,0,1,0,0,0,0,0,0,0,0.20745222263870974,0.07145339767440617,2.8783002448606156,1.8882706275906658,-0.38194494447681615,0.32680353732402406,-0.27349808261224345,0.45143538247698395,-1.31091225197778,2.054008406410467
42,3,3,4,1,13758,21,22,9,0,0,0,0,0,0,0,1,1,2.578396826675555,2.262664630758761,0.9997224610932536,-0.9517948616295173,-1.144885254349177,-0.2963875734552569,-1.6550672210166761,-0.7424092149119519,0.8396518089163856,-0.24443045136378197
46,3,3,4,1,17048,26,28,15,0,0,0,0,0,0,0,0,0,4.713180060463269,-0.008388409449319794,1.3003790744533374,-0.4530685309947345,-1.6974651526651654,-0.839987795525369,-1.0799638072209803,-0.7771645625350547,1.3214014516178396,0.057379188713833365
39,2,2,4,4,12031,20,21,9,0,0,0,0,0,0,0,0,0,2.9229015307639408,-0.16626536181608192,1.3856854894506687,0.2918886923490949,0.45395967558773226,-0.4825633155547334,-0.6158059552599316,0.27696543056969064,-0.422804370322114,-1.0096667573470404
30,4,3,1,3,2693,1,1,0,0,0,0,1,0,0,1,0,0,-2.67577978131579,-2.3593181442830904,-0.5943755704374553,-1.0518966952022875,-0.5010344396525247,0.21824190657354575,0.4788371758441081,-0.2065931140857834,-0.8029038108615119,0.13633194587078487
36,1,2,2,4,5810,10,10,4,0,0,0,1,0,0,0,1,0,-0.6668471086345461,0.22345698131517772,0.6410907382115064,-0.8230322498285937,0.9294090451725652,-0.2650886983902972,-1.6018399377177717,1.8813302565282937,-0.4774697641436284,-0.9062638587923364
41,2,1,1,4,2778,7,10,7,0,0,0,1,0,0,1,0,1,-1.351396861599088,-1.2816664670509326,1.940987646841092,-1.234635196711789,0.6507849895343943,2.233672535052667,-1.5530816998362762,-0.11396202931530534,-1.420762760388648,-1.4053245093528957
22,2,2,1,3,2814,4,4,2,1,0,0,0,0,0,0,0,0,-2.0161791263646918,-0.6636968110890256,0.7734367533771562,-0.6229511022452393,2.5523279240759633,-0.28169984055172226,0.856175085168575,0.3926408842572425,1.2572523151529915,0.7360035059955804
21,1,2,1,2,2174,3,3,2,0,1,0,0,0,1,0,1,1,-3.6078915317358224,3.9378379372854986,3.706251633525268,1.8529514923926966,-0.3626735181537151,0.9840392018537149,1.2769529917623001,0.07175398927436148,-0.25671997386346807,1.3888956131263643
41,2,4,1,3,3376,10,10,6,0,1,0,0,0,0,0,0,0,-0.45827196162641215,-0.31927920938388404,1.6239432278355834,2.291888219414102,-1.7531722967158327,-0.2742701260867788,0.2337438223953191,1.7189633224470564,-0.8960536960733964,2.6201261371365456
45,2,1,3,1,10851,7,24,7,0,0,1,0,0,0,1,0,0,2.0561414466470667,-0.6284000185437877,-0.2395234699739568,1.4443950786817958,0.903338528643823,2.7641942214378235,-1.0249799544450433,-2.1375290220181515,1.4529189249816532,-0.6380978459053384
29,1,3,2,4,8853,6,6,4,0,0,1,0,0,0,1,0,0,-0.21855138352587394,-1.4916864837515502,-0.09235140566871221,2.5363959654158292,0.7489824320286397,1.1070893248961275,0.44197289841469417,0.661093485564837,1.172356952888685,-1.3974825871988579
51,3,3,1,4,2723,1,1,0,0,0,0,0,0,0,0,0,0,-1.5555781199747871,-0.6604681861479922,-1.6285086007039629,0.7132849590558729,0.16396670950841846,-0.28163672359396247,0.3143699302271854,0.5899452490152267,-1.3246992733588951,-0.008318374106146095
34,3,2,2,4,5747,15,16,10,0,0,0,0,0,0,0,0,0,0.940158207706957,-0.758841012334655,1.4221262619854722,0.30105528513989327,0.24830025406919845,-1.166350885578458,-0.6586357063683991,-0.32218458995463206,-0.5191818507789041,-0.9095264049372329
40,4,3,1,1,2018,5,15,4,0,0,0,1,0,0,0,1,1,-1.8333785199807986,1.0636374050845592,-0.3374422748337529,-1.964652671657223,-1.3304996485499165,0.0178427218777094,-2.3172963787133027,-0.4742036888805731,0.027278260016020222,0.7026064605498413
42,1,3,3,1,13191,1,20,0,0,0,0,0,1,0,0,0,0,1.7875882810184058,1.626148043142291,-1.7299864801932563,-1.0483792231235896,-0.7085964904455981,1.7759145617909569,1.7988679411938886,1.0653759081150536,0.23002765486619697,0.46075276123895653
39,4,4,3,3,8237,7,11,6,0,0,0,0,0,0,0,0,0,0.6420276311882113,-0.542283222297725,-0.8800079848392366,0.28002980019077744,-1.0890011978541814,-1.4705900975599688,0.44066350039485125,0.07592081063956958,-0.23938089562450146,0.40050337280922477
40,2,3,1,2,2387,4,7,2,0,0,0,1,0,0,0,0,0,-1.761449544585613,-0.8935932499700284,-0.6826428867772986,-0.9483164665837922,-0.9730814362677963,0.48868429494510884,-0.8096767673033594,1.1598354647140743,0.16496116221003415,0.44313990327089325
45,1,3,3,2,7441,10,10,8,0,1,1,0,0,0,1,0,0,1.178667928382846,-0.8425746582986513,1.6435391390493603,3.8319880564521354,-0.6825480257176809,2.2937531472841157,-0.19480453860883887,0.4497541613255337,0.7577913928819169,2.0402201704540786
40,3,3,1,3,2001,5,20,3,0,0,0,0,0,0,0,0,0,-0.5036326865541341,-0.5167184708665385,-0.7954757693107091,0.3846506251929563,-0.4279435957258824,-0.4188939921431117,-0.12665782474044793,0.1019600149895222,-0.43974248943030675,-0.03796295142047518
34,2,3,3,1,9950,3,11,2,0,0,0,0,0,0,1,0,1,-0.3293486402693639,0.4683517626201523,-0.011853628013885982,-0.6185698440596636,-0.9432249755526925,2.4002761249560502,0.7633258894253852,-0.5863472230038302,0.4307709863559691,-0.5530067193005667
32,3,3,3,4,11159,7,10,7,0,0,0,0,1,0,0,1,0,1.48264238717216,1.3890487199018735,-0.08396644835635193,-0.7965760752551245,0.3622857180534123,-1.6609587419693659,1.1662989037340397,0.849743764351334,-0.8416505532913846,-0.4586185345154054
50,4,2,3,1,13269,14,19,11,0,0,0,0,1,0,1,0,0,3.596037137792787,-0.43187682371005504,0.40063732312348554,-1.6141983590556082,-0.8823270896105123,0.827165877062575,1.1244045255646278,-1.965989738931106,-0.10190894041090942,0.05414830066971508
37,1,3,1,4,2793,9,13,8,0,0,0,0,0,1,1,0,0,-0.8659667810631091,-0.4661811119735662,1.7937229832402493,1.3645287680618852,-0.38633181315972565,0.012325386084332358,2.471868270130756,0.4632966491707977,0.6954207118707547,-1.8392410510579789
29,3,3,3,4,7553,8,9,7,0,0,1,0,0,0,0,1,1,-0.14539330131452155,1.3773502856626167,0.24331063611114892,1.8237910526857284,0.6915307293349523,-0.6130439312254373,-1.7528858214850267,-0.18172706515201617,0.6369446409498819,-0.8426098094205969
31,1,3,3,1,9637,3,9,2,0,0,0,0,0,0,0,0,0,-0.13036820516661962,0.6894865244205473,-0.6390092743287467,-0.08663748905034944,-0.6648171082271397,0.9054186378141922,0.7051579237893804,0.6670323024110996,1.0637771780401426,-0.11262572064288628
38,4,2,1,3,3702,5,5,4,0,0,0,1,0,0,0,0,0,-1.6177361901931926,-1.2951464895774873,-0.12859194357410245,-1.1239844794942828,-0.12838952087876346,-0.3823475523898345,-1.1460622979374206,-0.3726777537859168,-0.9948167756487185,0.431122626433977
27,4,3,2,3,9981,7,7,7,0,0,0,0,0,0,0,1,0,-0.2931519110917508,0.5990002581208864,0.07107698162140065,-0.1575870685829175,0.04907437606983602,-2.247978384468069,-0.12779796933273846,-0.4476373884100991,-0.1143035435132913,-0.32810401048960963
41,3,3,1,1,2238,5,7,0,0,0,0,1,0,0,0,0,0,-1.8768218470604199,-0.8087882977042561,-1.1454618286015392,-1.2910380123728702,-1.3543900883174143,0.4746485690890189,-0.8387942988198442,0.2353299123479716,0.2933465384591828,1.0071098006682286
40,3,2,5,3,19626,20,21,7,0,0,0,0,1,0,0,1,0,4.574867021881565,2.0899546724673144,0.4884090236844194,-1.362517748514971,0.6110265127445128,-0.855550467889846,0.4273341473969003,-0.15729518026360378,-0.6771342123864058,-0.3489194151886285
30,3,3,2,1,4115,4,8,3,0,0,0,0,0,0,1,0,0,-0.9444514862260383,-1.0818214734080451,-0.29893476174509803,-0.27919723212830533,-0.9370987008148863,0.6933600596806145,1.1790587559216983,-1.0366067222772524,0.7315971403279746,-0.27819280737548235
30,3,3,2,3,3491,10,10,7,0,0,0,1,0,0,1,0,0,-0.6554630214831795,-2.405527180551565,0.9006501468363942,-1.0184936186244704,-0.8426727105537263,-0.0010967828746766923,-0.1708307935215996,0.2679281884536957,-0.00957632433561162,-0.4256014803809151
34,2,3,1,2,2008,1,1,0,0,0,0,1,0,0,1,0,0,-2.5941308627872406,-1.9050097503038024,-0.5253815202585882,-1.0352617307634873,-0.7507937131129233,1.3737091105977408,0.3971027832017442,0.7125293499607573,0.14086578976069145,-0.1273513978742054
40,4,3,2,1,4639,5,5,4,0,0,0,0,0,0,0,0,0,-0.6630706179791254,-0.21614742401978582,-0.9586454818282701,-0.2656346435930493,-1.129183083063714,-0.46764495634007186,0.13600601021370826,-1.1345494541227432,0.34834374231997267,0.6548598500259384
29,4,3,1,2,2297,2,2,2,0,0,0,0,0,1,1,0,0,-2.7107928942167927,-0.27418520593354373,0.3507163092446672,0.5444995851840966,-0.8971776372453915,-0.35922028273316153,3.162969898025833,-1.9506225634551033,0.6011263051364535,-0.432101867863484
46,4,3,5,2,19081,4,25,2,0,0,0,0,1,0,0,0,0,3.782514155343682,1.3513616074179287,-2.0443996209949837,-1.2502640723699638,-0.45799827733507337,0.40348961551776447,1.6898344912474657,-0.47216842941022696,-1.0987448142302063,1.1393249268554428
41,3,3,3,3,8189,9,12,7,0,0,0,0,0,0,1,0,0,1.0072016831864163,-1.4186092585963328,0.13347249057844535,0.1712527968302737,-0.3629541286284258,0.149532718873487,0.7894091807658136,-0.39661665329052487,-0.22086199719861263,-0.6886532111739126
39,1,1,2,3,5736,3,10,2,1,0,0,0,0,0,0,0,0,-0.5397241550735693,-0.11906891196207287,0.4010527973661868,-0.610837812306415,3.422571811145804,1.1571723229618458,0.29793123210935907,0.48108246617326733,0.7391914896288707,0.594808482388336
29,4,3,1,2,3291,7,8,5,0,0,0,0,0,0,1,0,0,-1.1093297486862777,-1.7007358706219833,0.18950487574633013,-0.1407674115901714,-0.8723041522037333,-0.2979548565242848,0.9241055537239886,-1.3611119376632996,0.2229245848069894,-0.3996843915584886
52,4,3,4,4,16555,5,31,2,0,0,0,0,0,0,0,0,0,2.8523435106929496,0.12416339360875162,-1.9039328740307457,0.31563787538225374,0.32110519321394715,-0.23264546976895806,0.08176230277882253,-0.14364014549702142,-1.8032533528850605,0.48996205563126344
37,3,3,1,3,2996,6,8,4,0,0,0,0,0,0,0,0,0,-1.024620585155435,-0.617931703643864,-0.37770869608469376,0.34319478091982364,-0.46273349141685527,-0.7240746886988858,0.10368470518093666,0.10223161464635044,-0.24276667165629165,-0.16968623042979378
44,3,3,1,4,3195,2,8,2,0,0,0,0,0,0,1,0,0,-1.1027013587996888,-1.7627589094772373,-0.7980561756360525,0.5819852533622794,0.13994285742475596,0.329079269457198,1.011443736632219,0.04518591106946771,-1.091590042165414,-0.7271234071979121
45,1,3,2,1,4286,1,5,1,0,0,0,0,0,0,0,0,1,-1.409240233542434,1.3936527567800743,-0.6959959649607302,-0.2469017355684169,-1.0206266239872812,2.14058146323264,-0.23448012229551227,0.5910150336006307,0.48540697962034407,-0.1378499896692578
47,2,3,2,3,2976,0,5,0,0,0,0,0,0,1,0,1,0,-1.9630836428760026,2.283744908950635,-0.8658474711597545,0.9977836951739101,0.24298467187427408,-0.7007042062103067,1.7735827475064694,0.3344181620110092,0.1661513953404601,-0.47795666054333125
37,4,3,1,1,3034,18,18,7,0,0,0,1,0,0,1,0,0,-0.02711572775180519,-2.4268292850722126,0.8115258078141414,-1.5731500710843649,-1.9289218957895553,0.05635687355127655,-0.9075811874665195,-1.0320173130350134,0.7681971545647395,0.27926750007861056
41,2,3,2,4,5993,6,8,4,0,0,0,0,0,0,0,1,1,-0.8453541698362178,1.679070853174665,0.14092698954300895,0.10285074294996764,0.3223740093714918,-0.22184424879778486,-0.8827740246955285,1.0229584815293602,-0.7954455527650458,-1.0115189276473175
57,4,3,2,3,6755,3,15,2,0,0,1,0,0,0,0,0,0,0.5473403872107285,-0.5963967519249094,-2.6347120544382316,2.2774991044060053,0.21463704770325806,0.2815353057015557,-1.1012944056159302,-0.8692601365062603,0.070702842786459,0.7646825739293555
18,3,3,1,3,1904,0,0,0,1,0,0,1,0,0,0,1,1,-3.9286910961834516,0.565890471499289,0.5571081411001165,-2.3257592468889956,1.89235000242041,-0.5415429581772199,-0.6445304742824428,1.1035248057512692,0.8791242050683756,1.33916892576609
32,3,3,2,4,6667,5,9,1,1,0,1,0,0,0,1,0,0,-0.498046121660635,-2.164184187296176,-0.6368332117610438,1.5525364067375007,2.850948478423668,0.43843760766336154,0.8645623428919933,-0.1930492139682651,1.77497282688472,0.8503490787116995
33,1,3,3,1,8564,0,11,0,0,0,0,0,0,0,0,1,1,-1.0162251860982745,2.9022428136229577,-0.6647333895637676,-0.5946674553893804,-0.2905806697688755,1.369233049393277,-0.33898649142046394,0.6689049040992463,0.6503533686388697,-0.4342768972253896
32,4,3,1,4,2314,3,4,0,1,0,0,1,0,0,1,0,0,-2.3733483898819516,-3.019690476287937,-0.13259373300537677,-1.6287799706320265,1.931749224359026,-0.21053651786369887,0.8327409677044547,0.44149571533430865,0.0813205726520834,1.4677201953760644
39,1,2,1,1,3646,1,11,0,1,0,0,1,0,0,0,1,1,-2.453770328674749,1.4577390096804137,0.15136639274463712,-2.6332889507633617,1.9488790891368182,1.8420677923311501,-1.5961565782896727,1.1461427232584231,1.5881237486310618,1.385298446405667
58,3,2,3,1,10008,10,31,9,0,0,0,0,0,0,0,0,1,2.4134562263004438,1.2702606965310534,0.06771424479946828,-0.6913745687840203,-0.8609668784773034,1.6467897522732344,-1.7826789849422073,-1.3600527327629433,-0.19607722633354654,0.16808002448603254
31,2,3,2,4,6582,6,10,5,0,0,0,0,0,0,0,1,0,-0.4681783955950497,0.6959108283920667,0.01690347722747312,0.3928160124293931,0.5840140660859072,-1.4363536320791679,-0.12906145404520275,1.1416435008191903,-0.2626585578950332,-0.9773393812593455
39,3,3,1,1,3904,5,6,2,0,0,0,0,0,0,0,1,1,-1.8737558999546613,1.9730298040031982,-0.4331011306524716,-0.6878485084671805,-0.8341646161979367,0.17160308188830897,-0.956277824642089,-0.5538410359617956,0.3748530789128207,-0.06605637478896
27,3,3,3,1,7412,9,9,7,0,0,0,0,0,0,0,0,0,0.24593961410432616,0.03265107404485134,0.2607021398382707,-0.3284241276009761,-1.1545055186777287,-0.5848181157953105,0.24836230358058908,-0.6563734535471115,1.0683092783110608,0.09964411052461448
44,3,3,1,3,2936,6,6,4,0,0,0,0,0,0,0,1,1,-1.5489213150346144,1.462893452707489,-0.1298722919724857,-0.1614312598027388,-0.22395841873306488,-0.4132721726407752,-1.1342936945562967,0.1070856175951548,-0.5615335274466733,-0.5335612875224319
45,4,3,1,4,2270,5,8,3,0,0,0,1,0,0,1,0,0,-1.3726387600426015,-2.724019592994504,-0.5367716160094717,-0.7207019900049728,-0.3734701805492433,0.05531179598661922,-0.20375680150326517,0.13675612350930552,-1.3676018056411121,0.0012456196725233188
40,3,2,4,2,13503,22,22,3,0,0,1,0,0,0,0,0,0,2.899900933750016,0.07202590117280827,-0.2692451994701337,1.6495540630794292,0.33976819369808137,0.5476576626897011,-1.4861372028424007,-1.4389263559688115,1.2796329458871163,0.06876176724179685
47,3,3,3,2,11957,13,14,8,1,0,0,0,1,0,0,0,0,2.78924858432148,0.0942497296787912,0.05745287314693677,-1.8605767608847399,1.0448166730430528,-0.40605960214159303,1.4822267297649006,0.4029434777972151,1.275510743845186,1.9281439058469843
34,4,3,1,2,2311,3,9,2,0,0,0,0,0,0,0,1,0,-1.663985862408615,0.646766555537605,-1.0759117307992203,-0.18582451383763826,-0.2213779583413867,-1.466961983161556,-0.26387922029565714,-0.6729063382766012,-0.03682856631327364,0.13792396368127702
44,4,3,2,4,4541,20,20,11,0,0,0,0,0,0,0,1,0,1.541588832506457,-0.10092426668613828,0.8041541156619278,0.23072758004881166,-0.1641989435842733,-2.726431066206952,-1.4161516212227037,-0.17288473250490405,-0.39104030751670094,-0.621611471332966
36,1,4,2,1,4639,15,17,7,0,0,0,0,0,0,0,0,0,0.7039101682237364,-0.104184228057215,0.2574918273209434,0.14398191145541528,-1.9925663890136183,-0.17488297995142066,-0.057999836023732564,1.1668564352958217,1.9056778660591662,-0.20452890612011718
27,1,1,1,3,4621,3,3,2,1,0,0,1,0,0,0,0,0,-2.2442683079448273,-0.9982890192461124,1.1446289804020158,-1.8617596455872412,3.0238620004195935,1.0055209589208387,-0.4262710977223601,1.1583137487911106,0.9292360292102108,0.8686619876772532
24,1,3,1,2,3202,5,6,3,0,1,0,0,0,1,0,1,1,-3.0660604566176066,3.776009199780921,3.422410538619961,2.0028869523859627,-1.125159293952806,0.543502277400697,1.378293922347263,0.6668103338540126,0.07022376166121273,1.614820444577968
39,3,3,3,3,10938,19,20,6,0,1,1,0,0,0,0,1,0,1.950117348608274,0.9868286449304544,1.506943363883241,3.603158555895799,-0.09364840811130457,-0.5367123165330723,-1.6668891059188344,0.06299453426424911,0.021394543184399217,2.571866267769872
36,4,2,1,3,3388,1,2,0,0,0,0,0,0,0,0,0,1,-2.4201108278073495,0.5839013908929388,-0.26680214334462904,-0.27954229905042716,0.15983511205517043,0.5892676717506393,-0.3544079164108591,-1.2311733816866595,-1.4077787420155483,-0.1541233878076639
50,3,3,3,4,9208,2,16,2,0,0,0,0,0,0,0,1,0,0.6105403805718519,0.9504085370471205,-1.7092806086461978,0.3773035721141826,0.8226564387405668,-0.8770325337575153,-0.2588169967171515,0.6676753776725458,-1.2785711223634597,-0.1784063923896046
41,4,3,4,2,16015,22,22,10,0,0,0,0,0,0,0,1,0,3.3433201517853677,0.9477248702601542,0.5083127729753816,-0.498686964196097,-0.59066661706858,-1.989484234947978,-1.0324314358465185,-0.8599358551518244,0.4530977444225423,-0.037429535960518304
31,4,3,2,3,6179,10,10,2,0,0,0,0,0,0,0,0,1,-0.8474625017444194,0.499998683077992,0.2757100736875531,-0.26022204272900157,-0.7125350938801778,-0.2095989656646019,-0.3165691900733433,-0.7479142685941503,-0.7423710294098167,-0.12010101047283803
39,3,2,5,4,19272,21,21,9,0,0,0,0,0,0,0,0,0,3.992518681437497,0.044328309566398875,1.1617822751386138,0.04419368878493155,0.5432308868108979,-0.7677319052977285,-0.412751125190937,-0.34464062733121664,-0.7709953521174621,-0.656797514014291
44,2,3,1,4,2436,4,6,3,0,0,0,0,0,0,0,1,0,-1.291287561619289,0.47625403096214824,-0.7649178837569162,0.577951983774404,0.5662590874945695,-1.0701781930391718,-0.3562692180056444,1.255245920356959,-0.5935370985145739,-0.7696642164512155
33,4,2,2,2,4320,5,5,3,0,0,0,0,0,0,0,1,0,-1.1547427008920936,0.8847442961236567,-0.4269528564821372,-0.4060687475774497,0.48451276649777003,-1.169436104431262,-0.4526795821425961,-1.297217881399434,-0.24600353968492897,-0.12797948178072965
33,3,3,2,3,7104,5,6,0,0,0,0,0,0,0,1,0,0,-0.8364650497079645,-1.2861847785923632,-0.5442321712548156,0.17533353567890755,-0.08340289341220217,0.44822713861559166,1.4220139458540058,-0.34374483931353506,-0.456484956406897,-0.5877168473041773
37,3,2,2,4,5731,6,9,2,0,0,1,0,0,0,1,0,0,-0.26448591783390746,-1.6811601155391385,-0.5931933657448183,2.270999790963093,1.3269788383549415,1.0524854382376825,-0.12867650863359728,-1.1166999883469222,0.08288652922450966,-0.9032290668359224
37,3,3,1,1,3452,5,17,4,0,0,0,1,0,0,0,0,0,-1.0433827987279998,-0.8290086613072367,-0.6067979506514679,-1.3453569036966249,-1.4898712932940152,0.22781015706461832,-1.0982236152571292,0.15470263618330837,0.5127170733374566,0.8657267374525589
27,3,3,1,1,3041,4,5,3,0,0,0,0,0,1,1,0,1,-2.818318286965173,1.0455599037897942,1.3557263226356315,0.005727816418464527,-1.5580704966945849,1.0978301092062948,2.4382922318089375,-1.893950465272681,1.1855701840358253,-0.7583138873575864
29,3,2,1,2,2546,2,6,2,0,1,0,0,0,0,0,0,1,-2.3957172934547697,1.2616395639042133,2.260403615745592,1.2276888323982746,-0.7435707871308979,1.5623320530766902,-0.3104785467621994,-0.5960652551479503,-1.736886998037161,2.5166182100262326
44,1,2,3,4,10248,22,24,6,0,0,1,0,0,0,0,0,0,2.762899986371439,-0.3476375728290612,0.50250867793554,2.443133380150824,0.9564000717242033,0.649796310121649,-1.772738306264165,0.434971992144025,0.9602976599104763,-1.0225826691653892
23,1,4,1,1,2819,3,5,2,0,0,0,0,0,0,0,0,0,-1.9832267751899055,0.045176334345559004,-0.47190779646970765,0.15636273470886916,-1.5864975375960122,0.03990309411656278,0.9203654944924746,1.2437859137233893,1.6939703314447778,-0.15199480603715718
43,4,4,1,4,2089,5,7,4,1,0,0,0,0,0,1,0,0,-0.9951877124155186,-2.66271047001225,-0.48785861598147556,-0.205073279755922,1.3581479786929356,-0.9779362135263729,1.5894101021070033,0.333198841617133,0.549031245787678,1.1801573054288619
29,2,3,1,3,3339,7,10,7,0,1,0,1,0,0,1,0,1,-1.8077934188957212,-0.9133045261234123,3.461177176315527,0.4244836789883398,-1.55914015773061,1.9755965562188003,-0.5928400111880373,1.1282785936526107,-1.4175911910246508,1.9854565743684642
27,4,2,1,1,4774,7,8,6,0,0,0,0,0,0,0,0,0,-1.0270574344428265,-0.2588330968517998,0.3623494797740065,-0.5104248442782259,-0.6334059413084049,-0.5782440137164111,-0.1773198595083816,-1.8506192689935397,0.47506772038222794,0.11805121950161303
46,3,3,3,2,7314,8,14,7,0,0,0,0,0,0,0,0,1,0.6196937084553893,0.8592961548452123,0.08432636394972251,-0.3205251746810203,-1.0712677239163861,0.6402410423230624,-0.788560394103727,-0.41756398924819205,-0.15946261467666076,-0.01140633270282158
32,3,3,1,3,3038,5,8,4,0,0,0,0,0,0,0,1,0,-1.41441811422336,0.5215003610262162,-0.35715854800391084,0.1281330974480006,0.09445295468006006,-1.5789520099976642,-0.2723710812770144,0.2291188908637823,-0.06145602079826749,-0.4859795931170228
37,1,3,3,2,7642,10,10,0,1,0,0,0,0,0,0,1,0,-0.0014869261086852509,1.0389255320100907,-0.30711551711105284,-0.8106016065116755,2.218670547893986,-0.2603240834345682,0.3989850153589343,1.4751724121388667,2.038953945394645,0.9904787303454777
30,3,3,2,1,3072,12,12,9,1,0,0,1,0,0,1,0,0,-0.3702180293310599,-2.578355568480561,1.4175569032411304,-2.3351707466622997,0.428105371742688,0.142156163092177,0.02805133759432518,-0.09049396001846724,2.488744206043847,1.4882464005314593
38,4,2,2,4,4028,7,8,7,0,0,0,0,0,0,0,1,0,-0.39420401813207867,0.3296113839748505,0.15201521505035126,0.10204208476800522,1.0028743565240812,-1.884727323766464,-0.7947996712035458,-0.6666456190714184,-1.075623041499959,-0.6583844016726842
33,4,3,2,4,5505,6,6,2,0,0,0,0,0,0,1,0,0,-0.7615259186501006,-1.7687988116662765,-0.2798782477579475,0.32661144919570256,0.09529316310552231,-0.41275751489277124,1.263680246127993,-0.6498681142785132,-1.0596953067121853,-0.6359837444518796
43,4,3,2,3,5679,8,10,7,0,0,0,1,0,0,1,0,0,-0.17200551326012942,-2.47009772035703,0.03833146954489662,-1.0651719576161518,-0.8359996741482484,0.004662326196148305,-0.3570306403935846,-0.2595764347524851,-0.6251978006821541,0.09310247514294699
32,2,3,2,2,6220,10,10,4,0,0,0,0,0,0,0,0,0,-0.18027545519260396,-0.0895239910397378,0.07025245297185508,0.09166372360882817,-0.7397614694159755,-0.19232470761687825,0.20002494913795044,0.3262688095182542,0.6506843516687217,-0.2828220523706847
31,2,3,1,3,3477,5,6,2,0,0,0,1,0,0,0,0,0,-1.9347765348597326,-1.0504753439694892,-0.15111974763058217,-0.7915684326387643,-0.6107755652219593,-0.017154510023108898,-0.5644992082929216,1.4328826809682773,-0.115877328947772,0.06955661274069898
52,4,3,2,3,3149,5,9,2,0,0,0,1,0,0,0,0,0,-0.7678780239689524,-1.2547308039684983,-1.4113132132561554,-0.8743872958694947,-0.6873241332493212,-0.23564076531298822,-1.0542658721607518,0.31776236390368356,-1.1201717218108211,0.9763986207735021
44,4,4,4,4,13320,12,23,11,0,0,0,0,0,0,0,0,0,2.9825545681573224,-0.6210556634593806,-0.26031710062281915,0.42863733580362073,-0.9027740075415339,-1.8636081304297007,-0.030501586529622943,0.3256640848658588,-0.5846739820348195,0.13380092715682404
29,1,2,1,4,2532,4,8,3,0,0,0,1,0,0,1,0,0,-1.8753009226547601,-2.0746467916498643,0.9092855554771145,-0.6598186903251547,0.5439731665967817,1.344941060743896,-0.041424449759950986,1.2825111911057123,-0.5818885448087704,-1.265414210328656
33,3,3,1,4,2436,5,8,4,0,0,0,1,0,0,0,0,1,-2.1549695351800677,-0.48162043959124806,0.5658073068159863,-1.002414569781574,-0.6858797136005673,0.1673440808614194,-1.368810748774292,0.9510593581439059,-1.0986030575044445,-0.12598398592128884
31,2,1,2,3,4559,2,4,2,0,0,0,0,0,0,0,0,1,-1.7364520811574695,1.1262996166072319,0.8687858651376976,-0.2928549658312615,0.9671396562564262,1.6203348515480396,-0.5479584617278355,-0.6707267949202818,-1.003753162666317,-1.0273101477044528
37,2,3,3,4,12185,10,10,8,0,0,0,0,1,0,1,0,0,2.2187061500018626,-0.7313375721024531,0.6063019103841302,-0.5665135120453412,-0.13524246382734625,0.3429026663224084,2.282766766632309,0.8487838776210591,-0.6606950096879467,-1.0331055945760805
38,4,3,1,3,3306,0,7,0,0,0,0,1,0,0,0,0,0,-2.1414072223516514,-1.1986111626661724,-1.3609484831672054,-0.9355929589171376,-0.5475783716146807,-0.3417043840853543,-0.5455091558552814,0.2932663925602268,-1.0384484777969765,0.8651702089083197
33,4,3,1,2,2756,8,8,7,0,0,0,0,0,0,0,0,0,-0.858434464140358,-0.7235944699176109,0.04122416860106708,-0.04379973552055701,-1.050283787935012,-1.2499687036385752,-0.0928243271227306,-0.8958757136926861,0.2762425756037423,0.13986893662043728
